year_,month_,day_,percent_change_,Close_,Close_DB_,bitcoin,co,http,btc,crypto,eth,cryptocurr,nft,project,price,binanc,1,ethereum,airdrop,0,bnb,bsc,blockchain,buy,2,trade,market,get,3,defi,5,amp,doge,go,altcoin,good,invest,like,time,last,join,new,futur,follow,great,money,usd,10,day,one,token,ada,xrp,shib,4,dogecoin,make,metavers,coin,000,best,cryptonew,team,free,come,see,usdt,long,us,signal,look,elonmusk,current,news,bullish,support,exchang,hope,2022,tweet,mine,thank,year,peopl,top,20,next,short,use,take,think,nftcommun,sell,2021,today,world,solana,hold,let,link,daili,bscgem,soon
2021,2,5,-0.02857434,38144,39266,1279,1738,1734,1223,406,242,252,13,12,219,64,265,153,14,253,19,1,83,106,68,90,91,121,51,59,45,48,52,64,58,23,68,51,72,25,28,46,17,55,17,38,102,48,54,38,19,28,106,0,41,37,33,0,54,54,24,8,10,32,30,35,37,13,32,40,31,26,46,29,17,10,31,9,0,10,31,8,27,23,19,16,25,14,49,21,28,0,34,75,43,14,1,25,62,59,33,0,19
2021,2,6,0.0093309,39266,38903,2553,3171,3169,2540,626,468,352,7,55,484,144,639,191,7,449,51,12,131,250,138,204,152,306,101,65,102,90,161,135,80,46,62,94,147,76,67,117,29,329,47,56,172,109,124,50,26,59,198,0,64,217,72,0,60,146,34,11,14,89,64,69,81,37,98,109,72,95,100,25,33,42,44,15,2,25,49,43,51,37,45,28,83,15,156,35,52,0,49,138,69,22,1,46,203,98,39,0,46
2021,2,7,-0.15787081,38903,46196,2093,3030,3029,1948,624,388,248,25,33,434,158,657,225,9,420,30,6,76,357,129,246,101,281,97,50,89,108,248,130,51,33,63,93,105,50,50,74,124,406,25,76,177,76,86,44,36,78,215,0,59,379,55,0,83,43,35,27,6,102,42,64,83,29,53,142,80,137,92,16,23,31,39,20,0,27,50,17,27,37,36,27,62,45,85,57,26,0,30,123,55,40,0,44,197,78,29,0,42
2021,2,8,-0.0061315377,46196,46481,5064,5182,5173,4682,1195,479,521,15,50,585,221,1309,264,12,465,47,0,129,654,131,239,278,423,100,62,482,191,332,252,97,88,366,163,313,123,114,339,102,286,50,90,261,158,185,139,39,65,209,13,66,275,85,0,108,201,122,21,23,132,87,115,85,55,102,69,104,862,113,156,37,24,79,23,0,58,124,79,63,85,36,55,121,54,142,80,96,0,107,150,173,87,1,73,224,87,57,0,60
2021,2,9,0.03479674,46481,44918,3574,4245,4235,3276,705,495,524,14,49,557,188,855,266,26,441,103,7,157,402,150,239,226,338,94,66,176,150,225,188,106,63,178,131,224,123,76,184,69,241,47,83,223,121,186,116,71,81,250,1,73,180,100,0,108,204,148,25,23,74,85,97,78,47,104,90,73,287,108,59,34,42,70,19,3,28,63,46,84,62,64,62,145,39,76,80,93,0,104,154,150,73,1,55,210,93,46,0,57
2021,2,10,-0.06243086,44918,47909,2693,3615,3608,2518,648,389,334,20,33,531,180,704,217,52,476,70,6,118,362,137,201,167,285,115,50,119,100,192,136,74,46,117,116,148,101,100,117,34,197,32,59,192,212,134,84,76,61,222,0,88,167,78,0,103,79,146,36,19,105,56,62,100,28,66,146,65,215,100,35,23,30,64,15,4,32,63,33,83,57,44,46,118,35,144,34,55,0,72,133,85,56,6,47,194,101,47,0,42
2021,2,13,-0.033089064,47105,48717,1788,2318,2315,1766,650,268,270,8,30,306,91,347,164,7,323,35,6,90,132,68,154,123,135,38,53,69,89,80,104,69,42,93,82,78,60,59,54,20,73,23,54,103,48,64,40,16,39,169,0,30,71,50,0,70,36,92,19,6,67,15,34,46,34,37,45,49,258,54,27,16,29,30,9,1,23,34,12,26,37,24,24,36,18,52,25,29,0,44,80,37,21,0,44,69,66,31,0,17
2021,2,14,0.016101783,48717,47945,2698,3793,3791,2507,677,380,444,10,28,478,833,619,210,13,490,29,3,126,300,132,187,165,251,113,72,89,188,150,178,89,34,135,114,143,105,74,130,28,183,29,92,165,67,168,74,23,55,236,0,65,102,83,0,86,124,135,37,17,58,73,59,62,48,35,47,70,85,67,35,29,31,51,17,1,38,45,24,60,51,28,40,58,29,62,51,56,0,62,120,89,31,0,29,177,92,35,0,63
2021,2,15,-0.025488323,47945,49199,2494,4575,4567,2482,717,382,403,18,39,488,1583,647,215,11,447,36,7,126,204,122,194,223,265,123,63,96,283,133,144,112,58,83,130,109,125,74,112,33,186,31,80,154,68,114,67,26,68,219,0,55,91,64,0,69,104,126,32,12,61,50,73,62,50,57,50,67,130,78,38,25,47,42,11,0,51,57,22,47,53,38,44,62,32,59,42,60,0,112,151,77,44,1,39,178,96,53,0,36
2021,2,18,-0.07531134,51679,55888,1791,2183,2179,1737,434,301,319,6,24,360,118,374,216,3,329,76,19,95,145,93,153,130,163,44,48,59,74,77,89,74,36,73,95,68,78,48,99,29,79,15,57,99,44,83,53,29,38,146,0,31,52,52,0,71,72,78,15,16,37,36,52,34,28,32,45,46,33,43,44,12,34,42,16,1,14,40,24,31,49,30,21,45,20,53,41,32,0,53,107,57,46,4,40,65,61,33,0,35
2021,2,19,-0.003761208,55888,56099,4006,4074,4072,3735,848,457,615,17,34,542,271,987,317,11,475,164,32,125,255,179,246,485,328,78,73,152,137,223,193,113,66,132,143,247,121,56,216,56,215,26,95,242,93,155,108,35,91,246,0,58,135,86,0,91,347,139,44,10,62,86,84,56,54,84,55,85,168,73,48,43,53,63,15,2,36,51,45,82,84,61,62,91,56,60,57,82,0,75,153,120,48,2,56,216,95,54,0,63
2021,2,22,0.110253155,54207,48824,2673,3369,3364,2757,659,389,367,20,31,535,159,570,227,10,392,84,8,113,268,135,212,215,201,106,48,88,93,218,118,99,56,84,132,167,83,49,191,27,135,28,91,151,78,105,73,112,71,147,0,66,173,59,0,74,128,107,29,5,68,52,95,41,47,63,50,63,104,101,49,33,64,48,26,8,29,41,43,42,68,44,55,58,51,49,57,72,0,132,108,120,27,0,69,114,71,58,0,37
2021,2,28,-0.09054825,45137,49631,1291,1545,1543,1348,292,200,186,25,24,231,46,237,79,3,111,29,6,37,138,73,87,122,93,51,16,58,38,52,77,58,25,46,62,44,66,40,50,84,35,29,31,62,32,53,35,10,49,73,10,35,49,39,0,24,49,48,10,12,28,28,49,35,30,23,27,41,27,55,21,28,64,58,10,0,7,19,8,21,66,10,23,47,27,33,16,38,0,58,57,24,16,1,27,40,44,28,0,18
2021,3,11,0.008250192,57805,57332,188,199,201,190,47,15,38,8,1,41,6,33,13,1,28,1,0,10,11,10,9,12,6,4,4,3,5,5,6,5,3,5,3,10,6,3,18,2,5,2,4,15,1,29,3,2,3,8,0,12,4,7,0,1,9,8,5,0,3,4,4,2,2,6,0,4,6,15,3,8,1,2,2,0,2,3,1,29,3,6,3,4,2,2,8,4,0,4,7,3,0,1,0,3,4,1,0,3
2021,3,12,-0.06386036,57332,61243,3135,3916,3906,3059,759,349,719,81,21,828,248,704,235,36,529,106,18,185,276,132,222,287,256,147,51,94,136,60,136,115,56,110,74,156,137,67,179,57,125,22,123,233,88,468,107,35,73,108,0,188,44,72,2,67,97,127,34,44,99,62,66,68,35,110,110,79,33,261,62,77,46,51,25,3,20,58,23,363,47,55,55,53,39,61,52,46,1,80,181,107,42,2,64,121,75,64,0,37
2021,4,5,0.014864586,59057,58192,1635,2208,2201,1649,553,251,286,81,41,525,104,318,137,57,326,70,25,154,158,140,171,126,149,68,34,58,65,62,77,144,31,45,88,63,149,72,75,28,60,21,118,127,57,94,38,28,32,124,1,55,27,32,0,64,78,82,26,8,36,46,42,29,27,84,39,42,9,112,47,38,16,28,13,2,71,32,14,84,19,33,24,50,18,20,59,24,5,32,111,61,13,9,25,77,41,77,0,19
2021,4,6,0.038252927,58192,56048,2680,3749,3744,2516,868,441,608,114,66,1234,132,745,235,91,680,113,26,242,266,172,228,231,332,134,61,82,101,105,123,219,60,109,129,112,267,117,136,39,217,44,93,240,98,182,61,58,67,264,0,102,49,53,1,84,88,161,54,19,75,43,69,64,48,142,77,85,19,369,74,56,48,53,21,6,110,74,21,81,31,58,54,52,26,54,79,39,3,49,157,94,23,21,58,212,91,334,0,38
2021,4,7,-0.03900691,56048,58323,2711,3988,3981,2657,790,430,519,94,239,1228,149,732,246,46,662,84,26,262,342,178,277,215,334,168,69,70,89,74,123,249,155,116,140,95,255,93,141,83,204,61,112,224,98,150,72,237,61,189,0,111,52,58,0,161,98,148,53,26,71,38,81,101,43,104,149,76,16,303,43,47,54,91,44,3,118,59,23,54,76,40,35,55,46,73,54,50,2,78,135,72,31,23,71,207,88,253,0,31
2021,4,8,0.0013391707,58323,58245,2806,3772,3765,2490,762,384,546,101,166,932,133,648,226,47,599,75,18,212,322,144,224,192,291,106,73,125,89,54,91,170,121,103,103,73,261,87,138,46,195,57,106,227,69,193,54,169,44,147,0,89,40,88,1,83,72,158,81,25,83,41,67,66,38,100,104,49,21,170,51,109,51,54,26,4,105,68,26,95,120,41,40,38,23,75,25,45,0,46,134,83,37,14,50,224,66,110,0,24
2021,4,9,-0.025889318,58245,59793,2593,3546,3542,2459,692,390,629,150,70,772,108,611,204,39,553,72,15,196,271,120,196,267,305,123,73,66,90,112,121,143,43,118,111,74,245,76,135,36,196,27,137,227,88,146,55,80,70,186,4,88,51,66,0,94,80,120,52,17,72,40,38,55,38,94,80,59,20,111,79,70,48,61,16,4,105,71,18,39,28,51,43,55,24,55,38,36,13,49,131,76,33,14,53,206,84,73,0,24
2021,4,10,-0.006826789,59793,60204,3157,3937,3932,3076,894,404,679,166,67,1038,173,706,242,78,557,148,47,227,309,182,169,215,297,117,40,66,141,96,149,193,76,108,132,130,264,75,178,29,213,54,82,233,189,202,55,66,91,268,5,100,53,73,0,124,136,159,106,26,88,47,61,69,32,100,54,81,60,196,145,77,28,47,21,1,107,74,25,113,43,42,75,83,56,58,36,35,9,77,121,83,49,5,54,222,103,109,0,44
2021,4,11,0.0051925937,60204,59893,1539,2003,1999,1494,421,227,335,88,61,490,122,336,129,103,369,115,46,112,186,68,105,155,162,61,44,57,57,64,83,123,35,66,66,72,145,45,76,25,125,37,72,115,53,67,44,37,54,112,1,50,59,49,0,86,52,96,27,16,38,25,20,53,20,43,65,30,16,74,24,51,16,32,14,2,63,30,20,24,24,45,25,37,8,34,29,34,13,37,63,42,12,9,33,110,48,26,0,14
2021,4,12,-0.056847706,59893,63503,1467,1970,1967,1401,367,153,318,74,55,375,79,295,91,34,277,83,24,119,147,60,107,147,116,45,17,55,49,29,54,64,22,59,46,68,105,26,151,23,77,21,118,95,49,73,69,32,29,55,0,31,20,35,1,58,48,58,35,9,30,32,36,33,28,60,38,24,14,60,30,33,20,29,6,1,47,27,14,27,17,48,20,27,20,43,20,20,2,34,71,49,14,2,38,72,37,30,0,13
2021,4,17,0.079461366,60683,56216,420,258,258,437,256,98,153,23,9,113,54,78,58,17,91,30,13,47,53,15,54,32,32,14,14,17,10,47,12,57,24,20,7,18,41,5,15,10,4,3,20,26,20,36,11,5,37,33,2,16,47,6,0,28,8,26,14,3,11,3,5,5,4,6,3,12,11,20,11,3,8,8,5,2,13,15,6,24,5,14,0,18,3,12,6,5,4,9,13,7,1,5,10,5,14,7,0,4
2021,4,18,0.0088292295,56216,55724,5781,3340,3336,6444,2167,1164,1438,208,102,1284,655,893,776,91,470,620,148,638,573,209,592,470,270,180,203,121,273,658,244,606,138,280,199,233,380,83,146,75,172,64,354,377,244,475,123,75,401,644,23,93,669,89,2,295,145,160,302,18,162,92,124,89,106,149,49,101,146,258,244,51,118,115,76,3,142,154,92,187,99,76,63,90,45,163,87,82,35,182,231,143,40,13,150,113,171,89,47,62
2021,4,19,-0.013262975,55724,56473,5001,3573,3570,5549,2026,1181,1649,268,61,1202,534,990,703,68,674,473,144,696,505,259,494,514,253,200,227,113,136,600,173,496,74,386,139,178,387,58,134,86,124,34,446,421,191,337,107,79,395,624,17,131,483,94,1,246,155,137,218,16,128,71,95,94,68,108,58,112,104,202,158,56,83,230,36,3,116,143,40,158,81,49,124,114,48,134,51,71,44,145,311,108,59,15,119,116,184,57,35,47
2021,4,20,0.04761993,56473,53906,5199,3840,3845,5901,2130,1303,1678,267,115,1221,541,1116,700,148,756,602,173,919,480,272,646,440,247,176,236,108,162,748,187,551,102,311,159,203,347,80,155,44,156,36,446,569,242,542,94,90,433,687,15,128,655,139,1,287,154,167,174,40,131,97,102,125,53,145,73,88,131,245,134,69,73,288,40,10,101,144,72,222,93,75,464,99,38,154,90,81,27,155,433,124,43,9,129,160,175,62,0,30
2021,4,21,0.041420348,53906,51762,5412,3755,3750,6025,1921,1096,1553,349,98,1282,476,1055,661,74,765,378,163,750,481,249,453,442,264,151,202,92,148,397,159,421,103,292,126,121,380,63,178,70,126,56,350,576,323,741,100,95,341,603,14,108,445,68,0,248,203,138,242,24,89,64,110,89,73,118,70,223,89,290,148,57,93,228,25,5,119,182,59,340,56,51,140,77,48,141,85,59,20,105,411,111,43,11,119,115,127,66,1,34
2021,4,22,0.0130937705,51762,51093,6270,4058,4049,6921,2299,1390,1767,271,202,1237,530,1013,821,58,658,365,144,948,477,378,595,553,249,196,235,141,190,473,207,483,150,568,183,266,372,68,199,163,163,61,456,544,285,743,109,104,392,685,30,149,352,145,1,285,235,141,287,29,103,106,145,108,156,159,55,142,81,292,196,74,134,243,33,4,100,183,33,342,83,59,102,106,59,182,121,87,35,164,386,116,51,14,150,148,181,61,1,53
2021,4,23,0.02083916,51093,50050,7199,4632,4628,7713,2721,1477,1961,388,184,1396,668,947,899,69,493,457,156,928,713,353,722,712,322,239,223,150,200,568,265,672,170,556,250,335,473,85,211,154,203,94,486,498,367,969,162,141,515,765,3,161,541,162,1,281,341,169,525,21,109,110,170,162,158,197,105,257,92,363,209,85,163,269,42,5,139,159,69,395,128,73,112,140,130,123,134,114,32,203,400,148,76,14,172,226,172,91,0,57
2021,4,24,0.021345196,50050,49004,5081,3094,3094,5290,1850,1206,1294,242,94,1202,469,900,582,112,638,413,225,579,459,250,451,372,278,140,163,81,138,617,137,459,121,366,154,163,345,52,137,70,221,55,238,388,307,747,93,108,416,569,9,74,428,106,0,229,148,156,327,21,118,68,116,109,96,101,64,125,79,318,112,58,55,274,32,6,122,181,63,354,64,44,89,63,85,120,103,68,18,101,272,76,55,29,112,179,152,61,2,34
2021,5,25,-0.022700667,38402,39294,3589,2379,2374,3834,1425,732,1028,194,32,568,396,388,504,184,294,338,235,428,289,162,319,192,145,117,190,68,134,254,111,249,72,182,114,110,181,60,108,92,77,36,127,214,120,185,75,117,240,307,66,103,224,73,1,138,158,33,216,7,74,63,89,55,57,84,52,61,132,130,176,60,60,98,29,3,72,115,18,101,48,58,63,67,60,78,47,53,17,78,166,108,48,29,84,93,101,47,7,37
2021,5,26,0.022322822,39294,38436,6442,3878,3876,6536,2472,1253,1998,244,67,859,775,636,925,360,355,667,380,708,460,364,462,360,252,210,299,135,213,435,207,411,112,318,192,198,172,77,146,175,212,50,209,308,313,813,120,122,451,541,103,164,358,120,1,205,253,48,444,29,112,100,138,88,131,143,97,133,161,351,257,92,78,204,37,4,55,210,35,371,74,89,82,110,90,82,58,101,29,137,252,108,39,57,111,155,202,78,19,67
2021,5,27,0.07672913,38436,35697,5764,3599,3591,5990,2385,1244,1783,252,176,784,546,657,849,239,360,503,269,619,363,267,485,264,215,176,248,149,237,320,173,420,109,326,147,138,185,98,156,94,161,75,245,296,198,376,123,89,419,456,96,131,292,111,0,168,222,85,389,53,89,66,108,72,67,153,100,111,130,226,262,75,85,187,59,1,51,143,39,143,80,93,62,90,74,96,56,125,37,138,269,110,63,56,133,156,157,97,24,53
2021,5,28,0.031228334,35697,34616,6445,4181,4180,7029,2602,1210,1951,289,137,1194,702,899,848,226,673,577,307,957,399,460,607,328,213,350,310,148,263,374,221,482,127,266,211,191,331,99,143,210,221,92,273,589,361,900,153,177,480,536,155,161,374,121,2,143,261,125,497,92,91,88,181,97,194,224,104,168,106,337,254,95,216,187,77,7,159,138,46,399,77,91,89,160,116,92,73,158,76,143,568,116,60,40,156,139,167,78,30,72
2021,5,29,-0.029766243,34616,35678,5683,3456,3452,6080,2078,1130,1545,423,75,1052,698,691,767,388,620,560,324,757,386,536,368,273,195,249,299,171,182,376,199,406,99,287,175,175,342,65,129,169,237,62,178,510,314,934,116,109,402,424,126,140,303,107,2,119,361,39,338,50,129,85,121,59,118,149,98,106,114,290,169,67,116,141,35,4,134,183,49,421,85,102,133,119,100,107,58,91,55,115,444,101,46,18,144,138,136,78,7,53
2021,6,20,0.12697311,35698,31676,10065,6042,6039,2632,2489,695,1777,758,1026,890,840,713,771,1077,604,731,504,703,604,447,495,451,524,331,319,261,459,330,437,372,468,363,471,378,272,632,279,303,295,338,396,273,420,433,373,147,239,232,106,239,723,312,4,200,430,248,176,190,161,247,286,89,267,214,238,246,400,169,169,147,447,136,230,7,138,306,268,218,316,143,321,176,245,263,233,241,85,272,265,153,230,32,147,167,153,119,38,117
2021,6,21,-0.02550377,31676,32505,47555,25598,25558,13323,11106,3199,9642,1309,6580,4203,4570,2421,3682,7239,2131,5077,4814,2422,3639,1444,2196,2856,2242,1260,4044,1065,1769,1755,2728,1262,3152,1744,2101,2109,1186,1566,1622,1387,1240,2158,1677,1017,1062,1455,1574,604,882,1092,466,788,2910,1453,16,1125,1282,1317,825,1338,775,977,1409,364,1201,1315,931,1285,989,1053,1124,554,1290,718,1571,42,550,1660,1279,1097,1631,503,643,777,1155,1097,891,1423,173,1586,1614,851,910,60,1036,954,783,443,199,498
2021,6,22,-0.036117785,32505,33723,52343,28997,28954,13049,11703,3568,8990,1881,4066,4762,4591,2668,4289,3746,2356,3429,3274,2437,4766,1613,2144,3271,2873,1315,2057,962,1930,1970,2733,1486,2434,2014,2360,3204,1351,1681,1798,1180,1186,1506,2084,1364,1160,2014,1686,651,942,1206,471,747,4154,1513,3,1113,1934,1055,821,799,751,1178,1754,937,1460,1208,887,1503,1041,1086,1039,730,1398,1483,1061,48,637,1737,1095,1355,1641,615,715,934,1238,1149,965,1348,303,1918,1615,1218,913,55,1174,1028,750,517,172,556
2021,6,23,-0.027090184,33723,34662,33765,22127,22104,8163,7715,3680,7510,1296,3725,3062,3071,1827,4143,6316,1765,1914,3621,2341,2018,1165,1804,1810,1677,957,1451,778,1353,1378,1504,1223,1645,1599,1353,1373,799,3739,947,923,856,1327,1406,946,764,1164,967,3199,646,769,377,560,2432,1003,11,761,1372,731,565,862,533,664,1041,214,893,844,743,962,1962,749,657,530,902,578,681,34,290,1191,724,734,990,389,460,579,652,941,639,756,255,859,1029,675,630,108,539,772,566,327,236,334
2021,7,2,-0.022239529,33897,34668,20285,14307,14281,5611,4725,1913,4138,1540,1856,2027,2049,1458,2421,1468,1482,1275,1641,2029,1139,1061,1368,1109,879,771,560,434,713,1299,966,953,792,1179,716,765,493,1086,735,447,495,630,934,644,401,491,645,469,610,666,320,538,1239,601,7,644,525,383,499,482,428,311,570,401,525,521,609,462,664,497,541,306,396,485,371,20,286,898,363,387,500,292,256,449,372,745,354,425,421,479,743,337,432,176,359,361,621,184,162,185
2021,7,3,-0.01754187,34668,35287,28857,17184,17158,8951,7896,3745,5023,1164,6986,2798,4199,2472,3630,4712,1885,1476,2947,3294,1675,1467,1755,1196,1341,1395,631,680,1065,1976,1559,1111,1810,1724,987,957,717,1298,846,1755,721,1449,1046,813,478,616,887,442,701,788,779,909,1852,807,6,899,749,1075,769,1550,825,510,793,431,783,694,826,770,874,569,723,430,701,484,1249,24,335,1407,908,488,650,361,290,433,534,836,499,726,331,636,936,423,768,131,609,514,687,266,155,312
2021,7,4,0.04566467,35287,33746,26446,17698,17684,7662,6316,2398,5361,1206,3446,2548,3882,1727,2488,2597,1739,1527,1601,2006,1531,1333,1681,1182,1054,845,620,733,1083,2014,1055,1331,1325,1386,934,810,746,1387,776,833,696,1010,1071,895,687,763,711,507,659,726,492,558,2560,679,3,1137,607,568,741,836,502,404,725,432,676,680,710,600,578,519,719,428,547,480,565,27,384,1076,667,506,625,334,336,519,476,933,468,556,235,561,804,426,459,199,548,512,657,325,264,244
2021,7,5,-0.014283628,33746,34235,29489,19266,19262,8678,7883,2712,6476,1434,4366,2775,3179,2230,2881,3650,1858,2424,2920,2185,1739,1529,1957,1275,1328,1047,775,1184,1305,2253,1156,1494,1659,1513,1099,856,803,1733,1053,862,764,1291,1444,799,804,659,853,635,742,819,523,718,2679,723,6,786,853,768,996,926,685,554,702,583,764,748,756,776,582,554,774,392,889,663,777,45,359,1068,867,527,689,385,566,433,632,820,470,484,164,641,824,509,487,151,496,481,874,356,400,295
2021,7,16,-0.0035518345,31421,31533,0,966,964,0,1,0,0,0,3,1,0,78,0,0,89,0,0,0,3,57,0,5,270,35,0,32,138,0,54,0,21,1,31,39,29,14,53,4,17,11,8,0,19,59,72,0,0,0,0,17,0,35,0,0,16,16,0,21,101,28,32,0,13,53,0,13,1,3,23,0,21,0,15,3,3,1,28,32,127,4,10,13,1,15,49,20,0,4,28,86,18,0,3,25,10,4,0,15
2021,7,17,-0.008271481,31533,31796,16667,10432,10413,4257,4096,1799,3314,648,2701,1737,1522,1480,1785,2358,1456,1023,1622,1263,1125,706,1237,740,1115,591,452,467,775,726,829,783,841,1045,709,692,486,860,515,646,525,898,758,531,446,812,729,470,415,413,158,335,868,542,6,361,743,613,454,780,418,364,562,177,381,734,486,462,744,377,373,201,632,323,401,26,329,586,676,531,619,269,179,323,359,411,497,444,171,414,530,427,356,74,270,339,433,146,249,178
2021,7,18,0.03176818,31796,30817,28579,16474,16458,6626,10094,2498,5268,1162,9929,2781,2270,2191,2383,8029,2046,1964,2303,5542,1844,1258,1552,1183,2099,989,1175,710,1007,1035,2276,979,2600,1362,1120,905,780,1233,889,2089,781,1681,1070,767,519,892,1001,555,498,624,238,571,1261,1025,4,603,553,1545,663,2271,678,514,802,278,800,951,630,844,805,566,531,234,1239,404,2070,33,367,898,1387,719,821,324,250,416,534,556,703,835,230,533,760,712,1167,54,544,674,668,225,493,380
2021,7,19,0.03388466,30817,29807,32202,18685,18583,7769,7980,2387,5472,1012,7687,3050,2372,2926,3104,6024,2370,1805,1424,2598,2207,1964,1933,1787,2294,1279,3531,728,1393,1356,1989,1190,2369,1722,1417,1149,940,1246,994,1788,814,1640,1219,913,659,1055,1099,765,589,740,276,655,1351,1006,13,708,761,1236,936,1747,716,686,1157,215,754,1045,724,895,1210,618,704,400,1013,483,1776,44,321,1196,1091,829,963,429,365,520,664,651,588,932,135,753,934,913,682,36,693,580,775,399,465,445
2021,7,20,-0.0717222,29807,32110,34165,20529,20464,9131,8546,2652,6373,992,4217,3526,2085,2425,3422,3773,1911,2232,1640,1990,2774,1496,2089,2348,2722,1431,1393,729,1332,1469,1927,1292,1627,1928,1419,1745,1052,1135,1167,969,992,1216,1414,964,820,1548,1132,663,796,791,382,866,1615,1020,4,776,1191,856,754,963,650,805,1118,246,901,1083,841,1047,990,847,765,452,1029,586,891,82,471,844,776,1072,1096,408,1005,632,857,752,791,916,160,1078,1058,947,537,74,943,623,666,492,379,433
2021,7,21,-0.006282301,32110,32313,43133,24334,24288,10897,11589,3182,6810,1555,6550,3451,2637,2534,4955,5762,2246,2911,2538,2327,2141,1557,2125,2270,2603,1543,2139,893,1966,2050,2300,1459,2507,2019,2203,1585,956,1389,1446,1654,1067,1624,1571,996,795,1826,1415,924,635,840,550,648,2207,1114,12,896,1229,1073,854,1374,728,991,1635,261,1045,1320,898,1419,5124,882,1029,618,1414,579,1724,47,530,1244,1115,988,1188,438,424,662,911,970,860,1070,162,978,1146,1638,926,955,1013,931,805,450,288,617
2021,7,22,-0.037759446,32313,33581,33459,21058,21006,8066,9104,3255,6770,1630,7211,2884,2906,2325,4355,5460,2015,3131,2573,2508,1906,1366,1852,1562,2219,917,1596,702,1650,1570,1681,1591,2271,1686,1664,1022,809,1254,1223,1920,647,1612,1422,874,577,864,1110,662,519,658,795,542,2274,936,6,940,580,1404,704,1454,670,717,1057,199,875,1091,738,1081,2885,581,854,440,1062,496,1849,45,315,985,1199,573,1002,413,329,544,558,980,751,854,208,636,951,781,762,333,731,785,657,374,697,527
2021,7,23,-0.0207337,33581,34292,29208,28745,28694,16055,9343,4785,6919,2175,6929,2995,3549,3684,4467,3489,3132,4007,3125,2934,2493,2656,2470,1925,3581,2277,1956,1362,2777,2031,2604,1559,3018,1797,2054,1750,1161,1588,1634,1965,1149,2118,1403,993,881,1260,1712,1527,894,1063,684,1390,1797,1311,18,1068,829,2134,864,2360,941,1429,1528,500,962,1512,907,1556,1819,684,946,765,1273,645,1651,44,621,896,1210,1060,1265,703,484,788,724,1010,1031,1118,305,673,1172,1127,1025,176,886,1295,842,495,1334,686
2021,7,24,-0.029929278,34292,35350,27340,21067,21028,17330,10059,4384,6395,2023,6691,3331,3305,3300,4079,4429,2977,3899,2401,3212,2779,2279,2513,1629,2257,1907,1578,1671,1828,1863,1935,1736,2260,1939,1682,1414,1109,1818,1612,1755,1225,1728,1407,947,853,1256,1258,1403,1133,1216,717,1419,1820,1096,24,1105,865,1143,810,1398,873,998,1193,560,926,1097,850,1150,1760,700,687,1054,988,595,1513,34,658,815,1069,645,920,867,493,738,791,758,813,909,216,762,832,728,683,176,724,814,938,564,648,754
2021,7,25,-0.05321799,35350,37337,5070,8083,8056,13804,4446,2933,2842,749,1828,1391,1809,1708,1702,1357,1376,2523,1244,1017,864,1121,1027,590,725,848,756,1171,629,1470,822,793,709,480,452,573,551,538,533,469,650,461,454,334,430,520,421,589,675,932,268,673,616,317,11,599,276,345,428,302,381,341,367,328,312,488,268,721,773,245,269,655,252,256,354,26,345,225,290,216,311,569,185,370,325,333,205,299,84,263,277,199,186,50,388,611,416,214,317,280
2021,7,26,-0.052504696,37337,39406,9807,13782,13722,31650,6593,4031,4192,805,1816,2191,2232,2217,2028,1063,1475,2546,1303,1496,1799,1310,1761,1305,1136,1200,891,1382,1251,1991,1660,1458,955,842,956,1072,820,707,891,885,1048,803,607,617,639,978,728,616,1149,1331,452,810,733,604,19,799,779,462,730,331,426,679,843,532,586,735,391,1126,808,370,604,989,355,485,470,90,804,334,380,439,498,728,269,854,979,475,694,508,79,499,448,630,333,72,546,950,551,339,329,491
2021,7,27,-0.014726841,39406,39995,7110,9890,9863,16565,4746,3023,3945,787,2374,1619,1957,2006,2256,1054,1469,1935,1227,2062,1273,1263,1137,840,828,1047,871,1228,655,1390,818,640,881,686,565,581,606,476,538,883,403,493,459,554,523,637,446,562,950,1063,320,793,627,439,16,600,493,608,588,408,409,401,396,423,414,489,309,625,619,287,443,620,409,382,591,41,421,323,400,307,300,697,176,436,365,370,333,385,164,355,327,375,259,51,359,392,525,218,475,375
2021,7,28,-0.000324935,39995,40008,6950,11408,11364,18577,5108,3389,3313,1033,2083,1611,1979,1968,2048,1120,1327,2645,1275,1736,1047,1330,1386,841,957,1075,947,1308,844,1560,987,885,903,852,707,687,579,465,653,721,536,490,558,663,543,734,536,598,1251,1336,474,787,632,515,10,510,614,436,506,439,364,424,465,434,465,658,326,642,870,295,408,728,322,384,466,17,439,543,368,293,282,674,184,500,500,360,405,325,154,364,431,441,183,81,430,542,653,293,461,332
2021,7,29,-0.05272878,40008,42235,6166,13686,13661,21460,5528,3422,3702,991,4059,1510,3335,2091,2510,9236,1863,4062,2956,1524,1665,1202,1284,797,1002,835,1919,4576,1124,1688,1155,1714,1400,997,684,846,548,4060,660,1140,571,862,490,516,543,641,621,1118,1150,1318,585,684,1059,432,20,462,3851,613,500,666,500,364,457,367,368,581,259,645,1058,308,318,687,397,554,847,32,382,472,531,241,437,562,3580,351,342,439,286,592,124,315,3716,313,291,147,391,481,588,288,399,528
2021,7,30,0.0146302795,42235,41626,31500,26636,26595,21804,10772,4611,6911,2441,5283,3117,4735,4044,4451,4372,3171,5538,3441,3509,2903,2793,2757,1927,2597,1920,2062,2424,2003,2600,2176,2163,2069,2512,1574,1603,1133,2304,1793,1857,907,1431,1554,826,1684,1516,1477,1276,1770,1894,552,1340,1802,1204,103,1587,1554,1079,1242,1286,946,949,1137,715,1194,1080,883,1210,1586,772,891,1161,972,843,1255,52,571,1033,953,760,1130,862,1177,1096,1113,1016,818,873,523,816,1594,1202,713,218,1023,972,1432,875,1223,692
2021,8,4,-0.027453572,39747,40869,789,1312,1316,2097,651,498,415,143,113,207,291,296,275,242,225,310,212,208,213,211,124,103,114,145,124,194,128,226,141,104,66,148,107,139,67,63,102,69,49,36,92,91,124,60,63,95,134,188,76,139,73,77,0,64,67,27,91,45,47,47,57,48,30,59,14,80,74,27,50,101,25,54,24,2,46,33,51,67,68,83,29,35,28,37,40,32,21,24,50,30,20,21,43,58,57,29,75,35
2021,8,5,-0.045473654,40869,42816,5094,9482,9463,15450,4305,3280,2850,823,1149,1657,2126,3035,1862,1825,1533,3424,1442,1311,1355,2474,1168,1218,659,1222,894,1614,1216,1565,727,873,541,752,573,625,547,480,783,565,438,308,453,454,790,493,371,530,1183,955,421,828,550,334,19,460,705,261,465,345,363,348,331,402,378,419,331,517,371,339,393,694,337,442,283,16,368,203,250,702,205,568,253,280,306,302,269,209,69,302,471,319,174,86,325,420,378,200,826,326
2021,8,6,-0.03903041,42816,44555,6025,10876,10866,18812,4847,5436,2743,1014,1512,1624,1995,2610,1694,1869,1254,3758,2690,1360,1440,2179,1211,1393,1003,1090,2103,1664,1267,1961,1008,925,776,841,534,624,550,506,1013,685,540,937,478,534,915,575,493,715,1313,1054,574,908,575,471,12,1008,418,380,541,667,398,621,382,397,317,629,334,477,358,332,344,751,451,629,397,21,363,258,411,705,297,558,450,383,293,330,255,213,139,274,425,346,131,105,297,523,436,207,832,303
2021,8,7,0.017283894,44555,43798,4386,9268,9262,15443,4496,3801,2277,1237,1277,1366,1578,2107,1994,1304,937,2418,1972,1036,887,1611,937,1137,740,1009,873,1481,1095,1744,842,1126,503,727,548,599,530,407,1009,514,431,391,441,430,815,507,365,564,863,975,773,789,564,355,36,572,340,344,401,492,813,540,451,324,303,425,263,425,357,304,275,706,256,604,260,16,373,189,254,549,240,566,373,380,233,274,279,234,105,256,375,299,193,99,274,537,418,192,831,317
2021,8,8,-0.055365037,43798,46365,28666,21707,21689,16681,9427,5366,5837,2532,6870,3270,4148,3585,4293,3081,2592,3504,3782,2798,2663,3058,2083,2167,1877,1772,2968,1907,2243,3069,2151,1573,2116,1448,1467,1480,1037,1408,1226,2156,1233,1498,1378,1002,1095,960,1262,1102,1258,1416,1131,1186,3575,1059,25,1091,1065,927,718,1328,1524,1017,1163,624,1145,1376,1160,1228,739,831,615,900,1219,890,1415,40,646,683,1142,881,930,854,553,995,847,875,772,920,202,783,1073,790,662,233,803,988,868,431,820,738
2021,8,9,0.017110892,46365,45585,42386,33861,33834,31166,16177,10182,9080,3712,10891,4179,3914,3928,6664,18170,2879,4687,10831,3758,2768,2714,2840,2442,2546,6231,7175,6237,2664,2998,2753,1809,3834,2241,2108,1871,1255,5782,1862,3640,1981,2459,1613,1293,5728,1352,1563,1403,1223,1738,1007,1430,4220,2179,25,1851,5870,1226,799,2005,1255,1542,1635,851,1341,1986,1132,1542,1062,821,999,1149,1452,3101,1945,60,1160,786,1725,1113,1172,939,541,1187,1124,1452,1544,1261,292,877,1296,1320,897,112,879,1271,997,603,792,872
2021,8,14,0.0010415117,47096,47047,13174,8070,8029,5853,4742,3033,2534,1026,3680,1524,1163,1191,1977,2636,977,954,3040,1431,847,815,712,698,1041,492,1988,514,610,618,883,605,1086,580,531,493,364,1442,580,970,385,782,532,448,400,677,541,1116,659,828,126,319,734,412,9,404,436,579,219,723,399,254,470,177,289,413,450,400,158,332,292,257,437,269,954,14,196,246,538,411,360,237,210,272,249,273,310,396,166,412,389,321,441,57,331,297,492,223,175,146
2021,8,15,0.022671942,47047,46004,24768,19860,19779,16074,8926,6300,5795,2612,7824,3193,3731,3445,3527,7011,2815,2959,3394,2393,1949,2247,1913,1550,1635,1687,2398,1837,1443,2449,1848,1233,2611,1215,1236,1205,914,1627,1294,2658,1074,1684,1384,1138,873,1289,1210,1008,1778,2040,519,1049,1775,938,69,852,1056,1110,533,1366,835,696,884,868,785,1056,1035,1186,611,661,627,805,1007,710,1517,17,602,669,1208,1089,828,743,519,850,703,761,692,882,298,638,983,750,839,242,728,785,977,456,654,545
2021,8,16,0.029287392,46004,44695,27119,23024,22931,17649,9871,6938,6510,2480,6717,3495,3852,3410,3813,6779,2728,3117,3189,2655,2273,2454,2533,2028,1946,1907,3439,1961,2058,2489,1936,1649,2388,1855,1384,1554,996,1775,1582,2253,1354,1749,1483,1134,898,1101,1363,898,1634,1794,668,1100,1990,984,26,974,1117,1234,699,1363,1031,1063,1029,745,981,1063,1237,1036,598,637,859,985,1022,644,1466,52,918,757,1284,911,864,933,509,983,821,950,853,866,275,699,1113,905,749,570,981,747,1266,609,611,530
2021,8,17,-0.0023660187,44695,44801,28002,23477,23343,19750,10143,5328,8845,2936,10044,3538,7163,3575,3735,7540,2254,6111,6716,3377,2241,2453,2547,1833,2195,1921,4803,1942,2005,2399,2268,1437,3323,1821,1591,1306,983,1852,1477,2614,1536,2171,1538,1145,1029,1528,1430,905,1453,1723,570,1188,1678,1091,35,928,1063,1424,768,1997,888,837,1262,693,1249,1065,1030,1249,634,752,820,833,1490,902,2178,44,1027,812,1371,957,804,865,493,755,889,1015,839,870,264,802,945,842,825,648,864,844,1038,509,656,557
2021,8,18,-0.04101291,44801,46717,31544,24283,24162,20728,11879,6021,9066,2898,11816,3739,7110,3316,4219,8930,2572,6714,8000,4105,2310,2378,2663,2190,2174,1970,3288,1930,2312,2691,2568,1665,4290,1728,1791,1493,928,1849,1665,2459,1643,2761,1684,1323,1047,1576,1361,880,1552,1668,579,1243,1610,1086,53,913,1089,1533,758,2508,913,1198,1220,774,1200,1174,981,1249,548,776,948,927,1629,893,2490,58,948,875,1552,990,893,826,508,1351,825,1245,1178,1059,247,786,1052,947,814,465,946,785,1042,475,1146,880
2021,8,19,-0.053142544,46717,49339,29590,25539,25398,17891,10583,5674,6778,2351,6241,3535,4441,3546,4103,4683,2653,3484,3981,3002,2208,2394,3003,1696,2266,1861,2411,1866,1751,2239,2140,1516,2161,2152,1495,1613,931,1757,1562,1725,1265,1688,1592,1301,1062,1661,1282,874,1941,1774,750,1216,1728,1175,51,1063,994,1138,768,1350,985,816,1141,865,937,1036,1079,1056,608,768,805,1016,1186,1068,1137,58,794,994,1145,1205,777,928,518,859,861,1225,899,796,249,729,1134,1009,782,443,893,846,1076,474,1321,513
2021,8,20,0.008874348,49339,48905,32323,26559,26438,21912,11931,5829,7094,2338,7532,3937,6153,3495,3996,4677,2399,4533,4201,2884,2989,2487,2991,1987,2681,1993,2305,2381,1989,2218,2449,1658,2583,2165,1674,2086,993,1901,1780,2038,1585,1964,1649,1271,1291,1848,1578,922,2804,1855,677,1354,1689,1071,77,1154,1515,1276,880,1799,946,973,1156,894,1015,1427,1203,1264,994,913,896,1230,1074,2231,1508,45,887,1152,1293,1096,801,918,1283,1177,819,1072,959,908,270,792,1072,1263,835,636,886,951,1336,694,638,1378
2021,8,21,-0.0084345415,48905,49321,12697,7483,7471,4035,3696,1460,2674,716,2236,1508,1165,942,1433,1500,1042,723,749,1121,812,733,901,525,608,610,460,361,523,560,678,545,845,735,389,560,403,535,588,504,444,477,639,502,404,827,416,251,422,533,137,345,621,305,33,249,447,342,384,450,273,227,343,272,289,318,653,251,184,322,255,187,315,411,440,10,167,351,398,402,239,169,227,287,270,285,233,250,69,266,465,312,278,106,171,225,398,200,118,155
2021,8,23,0.038569573,49546,47706,12020,8145,8094,3246,3437,1347,2353,920,1472,1196,828,743,1710,1357,552,613,723,1162,708,629,862,669,588,394,339,325,410,564,525,604,534,542,479,492,321,431,478,434,320,343,637,388,224,392,456,232,571,490,179,208,445,352,12,231,407,370,241,339,173,232,308,181,294,319,298,345,140,245,323,188,303,235,341,15,137,408,297,332,305,196,147,280,238,309,264,247,301,271,342,340,283,117,230,170,328,125,91,153
2021,8,24,-0.025612745,47706,48960,30869,18708,18620,8249,9822,2961,5698,3079,6866,3141,2188,2081,3882,5369,1561,1645,2716,2127,1969,1717,2131,1485,1568,1271,1257,714,1710,1074,1433,1265,2046,1495,1179,1082,776,1205,1169,1742,967,1568,1266,971,721,977,1219,618,1233,1119,236,537,981,921,28,659,962,1273,665,1101,565,559,852,550,675,809,815,888,431,620,723,384,1236,818,1256,27,494,828,904,719,634,389,409,647,668,721,666,681,210,759,904,653,712,246,708,515,721,463,327,375
2021,8,25,0.04298922,48960,46942,33875,31850,31767,28218,14429,5317,9416,4731,15512,3500,6537,3928,6029,23656,2428,7883,6349,5138,2969,2390,3274,2387,2111,7442,3587,1849,2178,2089,2893,1642,4995,2464,1794,1370,998,7539,1661,3609,1568,3196,1931,874,6660,1563,2117,1271,1982,1826,566,1306,1325,1638,159,1532,6718,2213,1147,2398,872,1229,1368,1249,1086,1148,1047,1299,996,803,923,980,1762,1118,2852,48,1163,1654,2193,918,1230,762,613,1265,847,986,1349,1331,401,775,6717,959,1006,298,1105,1052,1044,593,1290,867
2021,8,26,-0.043132618,46942,49058,32183,26450,26394,21597,12742,5455,7818,3635,11055,3295,4691,3733,4842,10780,2480,4430,3980,4418,3021,2373,3051,2316,2285,2950,2102,1901,1864,1981,2718,1591,3237,2478,1618,1449,949,2481,1561,2774,1077,2346,1734,911,2111,1788,1565,1408,1875,1615,716,1503,1573,988,68,1312,2126,1485,1052,1973,964,940,1138,1067,1102,1025,924,1181,951,776,1053,971,1503,880,2414,50,641,1483,1593,1100,982,823,526,913,911,923,917,924,334,843,2186,810,778,296,1210,1024,947,602,1050,834
2021,9,10,-0.0070352424,44883,45201,26049,15538,15525,7707,7037,2056,4202,2665,4854,2235,1640,1702,2652,3554,1442,1706,3104,1946,1553,1444,1719,1925,1467,1000,772,675,2134,1261,1178,1018,1275,1308,1112,917,600,989,959,1352,931,1228,1154,1018,1582,791,1018,1147,868,906,781,562,1054,912,53,781,933,818,587,1059,543,665,682,497,601,641,513,721,456,454,594,354,822,738,1145,39,530,655,805,598,694,306,365,720,493,864,712,578,339,535,744,472,627,539,519,474,575,411,424,304
2021,10,18,-0.034780037,62026,64261,27166,14961,14951,6907,7097,2383,3744,2353,4415,2604,4188,2267,2999,3140,1986,2046,1751,1501,1408,1349,1562,1470,1054,856,974,587,1316,1452,1235,1136,1394,1208,988,1128,535,1040,1088,1963,1180,1195,809,1218,1233,647,832,926,575,760,668,701,1020,824,54,1016,1033,889,530,796,404,612,637,308,536,695,450,635,1328,518,772,313,615,743,981,76,700,568,604,496,586,445,231,726,406,565,837,575,424,507,840,469,469,350,577,477,385,206,580,522
2021,10,19,-0.026230453,64261,65992,56105,37958,37942,34658,17838,7706,10322,5824,12773,5801,9642,5878,5851,8026,4759,6757,6841,3998,3827,3889,4591,2896,3376,2764,3452,2785,2522,3393,4018,3266,3858,3177,2810,4074,1290,2148,4046,4705,2309,2752,1993,2516,2986,2237,2660,2030,2015,1964,1841,1994,2033,2039,159,2699,2058,2471,1373,2150,1081,1867,1928,1442,1436,1974,1391,1698,2477,1108,1654,1941,1611,1777,2657,182,1310,1262,1745,1279,1495,1588,745,1395,1268,1378,1521,1755,925,1444,2347,2166,1210,989,1382,1684,1136,548,1743,1236
2021,10,20,0.060794085,65992,62210,14241,21044,20967,40168,10031,7471,4657,3369,4071,2589,4369,2661,3240,2071,1451,4471,3502,3237,2025,1854,2116,1833,1636,1493,1360,1595,1437,1988,2024,2291,1281,1651,1267,3358,925,1301,3488,1252,1523,1002,841,701,1820,1608,1172,1137,2753,1644,1519,1132,918,955,435,1610,922,1467,845,1006,559,1068,965,884,876,1176,568,955,1272,933,597,1251,599,867,663,224,1023,378,545,745,597,895,1459,957,574,518,661,712,409,603,1294,1087,573,697,704,1121,498,317,1275,1084
2021,10,21,0.025011534,62210,60692,31283,27590,27755,33372,14560,9159,6434,4731,5992,4031,5679,4004,4925,3337,2362,4932,4404,4574,3437,2770,2972,2666,2458,2306,2584,2145,1624,2717,2523,2842,1835,2563,1583,2194,923,1607,2404,2017,1445,1347,1304,1643,2960,1696,1840,1960,1728,1573,1796,1778,1840,1295,243,1849,1091,1319,1161,1514,887,1177,1230,932,943,1330,782,1054,1859,979,1092,1196,1257,1787,1125,130,950,981,1116,1271,1179,1063,528,1054,940,1017,1504,943,657,1138,1636,1082,1019,1101,1277,907,791,518,1516,1877
2021,10,22,-0.01141824,60692,61393,46651,34567,34499,29901,20529,9455,8509,6507,15560,5559,6828,5226,6374,11267,4239,4524,6657,6539,3699,4191,3491,2799,3093,2571,2293,2252,2342,3062,3673,3389,3421,2664,1911,2168,1383,2824,2415,4601,1693,2625,1739,2918,3492,1878,2426,1976,2283,1734,1792,2109,1911,1800,245,2169,1433,2794,1277,3224,1054,1670,1675,1421,1205,2366,1236,1617,2085,1206,1172,1518,1766,2087,3295,325,952,1114,1697,1152,1249,1502,635,1768,953,1201,1257,1294,1034,1243,1994,1228,1235,1471,1250,1301,1396,704,1628,1246
2021,10,23,0.007598884,61393,60930,32818,24311,24261,24874,14205,7930,6102,5284,10582,4353,5012,4285,5433,6652,3692,4300,5454,3900,2865,2949,2360,1742,2183,2045,1989,1908,2212,2627,2586,2675,2579,1915,1473,1516,1149,1568,1899,2946,1664,2624,1309,2128,2607,1521,1859,1707,2221,1418,1782,1482,1798,1446,229,2053,1260,1757,921,2563,1034,1159,1101,1183,973,1160,1166,1207,1295,968,914,1121,1675,1131,2097,318,1128,751,1118,922,949,988,475,1087,686,856,1153,992,970,977,1739,719,766,1005,966,937,1180,348,921,1015
2021,10,27,-0.035300717,58482,60622,25727,11846,11827,5873,7470,2601,3497,3415,4431,2018,2243,2112,2267,5785,1472,1338,2555,1166,1530,758,1079,1046,1204,617,878,626,1463,1439,1348,1215,1115,2822,822,1073,476,767,1345,1053,867,832,762,777,1259,802,875,723,696,768,2536,727,879,601,188,886,820,814,503,924,337,733,492,253,426,632,389,547,1176,476,455,216,946,2275,971,84,672,454,2397,502,642,313,258,2456,291,517,796,463,285,574,850,428,513,480,565,423,363,308,441,2059
2021,10,28,-0.025792662,60622,62227,43700,22858,22825,12678,13513,5334,6237,5834,7639,4412,4745,3374,4360,7256,3067,3236,5092,2339,2745,1835,2390,1700,1911,1309,1911,1417,2239,3723,2267,2098,2159,2336,1361,1479,843,1281,1823,1958,1934,2119,1530,1654,2333,1203,1539,1324,1392,1365,4594,1724,2313,1179,638,1601,1210,1378,957,1714,685,1364,990,714,817,895,973,896,1869,816,1004,446,1024,1971,1339,156,1048,715,1552,1070,1110,658,348,1976,710,746,932,1060,819,1183,1690,825,726,1273,761,837,756,474,1056,1471
2021,10,29,0.005477637,62227,61888,39945,23223,23158,14046,14134,5649,6200,6126,8053,4156,4319,3663,6103,6322,3398,3891,5550,3380,2064,2191,2071,1719,1898,1240,1988,1630,1935,4262,2104,1898,2067,1740,1193,1237,778,1339,1774,1943,1553,1938,1349,1850,2221,1038,1413,2199,1211,1246,3894,1167,2415,1093,1368,1742,964,1366,1093,1666,801,876,903,873,765,847,1138,931,1086,966,904,553,1168,731,1424,133,943,863,989,744,833,659,461,949,664,792,979,833,879,708,1708,767,760,1313,851,742,750,338,1109,751
2021,11,4,0.0053496934,61452,61125,30568,17353,17298,8954,9247,3703,5052,4285,5393,3228,3157,2927,4057,4211,2653,2929,3663,2405,1724,1467,1490,1213,1402,756,1695,922,1519,2062,1316,1480,1430,1368,1113,1093,574,984,1433,1417,1231,1384,1155,1592,809,745,982,1054,886,892,2188,1229,1733,886,2189,943,636,1040,758,846,589,676,673,435,595,896,633,698,513,637,653,569,759,788,1142,69,738,836,665,641,680,373,304,687,432,630,861,577,609,710,1316,456,573,986,491,559,503,401,775,655
2021,11,5,-0.006533717,61125,61527,39861,23663,23622,13985,13697,5317,6400,4905,7600,4540,4055,4289,5471,6258,3869,4409,5476,3432,2394,1785,1799,1888,2164,1065,2167,1376,1678,3320,2006,2344,1978,1657,1502,1277,877,1658,2152,1813,1756,1710,1448,2137,1412,1103,1434,1984,1648,1388,2986,1160,1858,1038,1312,1242,895,1336,1004,1334,832,831,947,719,794,1011,931,928,858,1171,778,566,1061,789,1532,95,781,1046,940,756,806,702,369,854,577,811,1154,813,714,828,1775,675,777,1293,704,936,891,373,1419,790
2021,11,6,-0.028408553,61527,63326,37154,27698,27662,27028,18766,10947,7686,8729,10698,6025,5435,6458,5701,8423,5781,6857,8958,2890,3472,2794,2218,2659,2904,2140,3661,2246,2253,5597,3056,2965,2597,1946,1891,1550,1372,1785,2377,2562,1828,2169,1498,2472,1878,1632,1836,2322,2601,1827,5190,2029,2083,1291,1385,2102,915,1904,1225,2040,1517,1125,1222,953,1510,1263,983,1197,1514,1229,734,1216,1877,1223,2416,118,1334,1126,1235,783,901,1395,1267,1133,1281,980,1326,1018,1336,1196,1776,725,988,1873,866,1044,1034,382,2845,1359
2021,11,11,0.012376276,64949,64155,23394,12880,12850,5791,6855,2227,3390,2578,3281,3214,1828,2179,2700,2915,1675,1274,1893,1419,1564,1160,1422,1035,1132,628,563,1068,1293,1485,1061,853,937,997,863,850,527,641,1015,1000,969,826,948,1225,737,902,731,650,609,667,1107,656,787,658,507,720,803,730,480,681,425,464,481,503,406,514,548,477,343,716,514,329,713,838,694,67,672,632,512,626,599,392,290,527,289,571,782,464,560,744,661,508,388,441,314,408,509,248,433,384
2021,11,12,-0.004870558,64155,64469,45082,24482,24395,15262,15307,5744,6655,4933,9644,6699,3732,4151,5594,8904,3498,3368,5184,2661,3311,2268,2642,2328,2054,1299,1997,2566,2357,3385,2103,2083,2661,1674,1502,1343,1006,1143,2168,2452,1923,2499,1480,2249,1253,1593,1483,1193,1497,1320,2118,1119,1798,1133,1085,1614,1100,1419,863,1707,876,1037,1153,1326,1175,1381,859,1172,797,1458,877,597,1975,1953,1746,118,1715,1166,1060,967,857,1255,523,1119,744,853,1380,1019,817,1519,1719,675,747,1485,856,859,878,842,954,826
2021,11,18,-0.020251554,56942,58119,25851,21183,21123,27099,11467,10512,6218,6554,4177,4850,4154,4064,3831,3449,3091,2765,3152,2024,3552,2768,2061,2428,2341,1476,1120,1795,1692,2377,2098,1683,1583,1315,1807,1429,940,992,1335,1357,1597,1120,1222,1421,1374,1240,1240,1162,1612,1918,5234,2117,1307,1615,3026,1343,1072,871,1030,915,754,1010,1147,636,1648,995,482,981,681,834,1131,865,1176,1518,892,102,534,632,692,714,791,1108,584,1086,1647,760,765,774,633,1438,1364,1618,579,850,1183,805,648,425,779,637
2021,11,19,-0.026433488,58119,59697,45349,33823,33733,32059,18707,13371,10294,9472,8260,8064,6278,7335,6382,6747,5478,5536,7132,3479,4862,2877,3279,3692,3012,2193,1837,2817,4332,3831,2982,2917,2720,2245,2312,2191,1392,1738,2287,2206,2484,2188,2423,2779,2305,1926,1947,2226,2691,2750,4142,3308,1938,1434,2135,2003,2267,1609,1275,1739,1258,1602,1598,1129,1898,1664,1086,1489,1120,1385,1168,1129,2632,2529,1715,197,1011,1181,1155,1223,1158,1762,992,2029,1962,1273,1732,1383,980,1989,2048,1538,1338,1538,1338,1335,1141,786,1308,1165
2021,11,24,-0.01735517,56280,57274,7618,4085,4072,2269,1899,1058,1182,702,988,808,483,478,800,796,419,309,589,548,398,267,323,329,310,171,274,218,422,160,302,440,247,293,304,209,139,179,329,298,394,264,269,224,198,207,290,209,321,146,287,230,228,192,213,187,229,250,140,230,134,127,207,95,123,148,137,135,46,176,178,107,237,222,176,31,214,222,163,141,149,100,108,163,122,174,227,149,109,190,347,103,165,118,165,153,85,77,63,69
2021,11,25,0.069163136,57274,53569,40575,22869,22838,13870,12751,8248,9069,5546,12841,4530,3181,3239,4355,9949,2993,2523,7326,3434,2337,1668,2081,1992,1862,1375,1210,1156,1635,1321,2045,1911,2967,1558,1653,1337,944,1350,1488,3292,1944,2235,1538,1814,1387,1473,1759,1020,1543,916,1775,1687,1600,1430,2060,1707,1115,2030,1006,2423,823,1601,995,966,872,1098,592,1056,535,1002,768,627,1430,1245,2678,175,834,1055,2085,896,908,710,473,857,555,1044,981,1164,895,880,1884,760,907,1044,788,877,658,380,720,694
2021,11,26,-0.022731004,53569,54815,46755,34744,34553,33335,18346,13783,12396,9050,12456,5906,5330,5480,4808,9053,4833,5989,8345,3480,5918,2888,3181,4275,3438,2484,1492,2530,2979,2431,3287,2922,3476,2176,2692,2310,1444,2017,2926,3363,2339,2611,1890,2179,2137,1956,2007,1303,2664,1752,3108,2604,1619,2147,4216,2719,1632,2230,1470,2731,1268,1735,1754,1226,2361,1461,861,1793,1118,1525,1366,1146,1889,2085,2358,238,1003,1255,1932,1331,1308,1648,1262,1448,1681,1764,1303,1697,794,1751,2522,1967,1292,2066,1829,1319,1280,671,1619,1306
2021,12,11,-0.014691206,49362,50098,5251,3915,3902,3277,2404,1223,1172,829,650,767,752,678,740,432,688,522,479,440,501,296,226,360,388,310,228,204,357,382,363,222,297,246,274,307,170,200,260,232,189,181,259,323,237,188,207,190,255,186,374,150,189,339,310,258,173,180,289,112,138,191,162,120,160,290,91,189,140,162,117,184,125,180,139,70,161,202,114,174,130,197,105,144,143,140,170,133,116,170,266,89,138,147,131,155,126,84,157,93
2021,12,17,-0.013789276,46202,46848,22499,11059,10976,9767,6925,3567,3286,2602,2908,2538,2535,1775,2835,2327,1596,1287,1358,1934,1335,955,1058,1195,1107,993,551,541,1346,1184,875,732,795,756,847,842,631,689,904,694,2043,868,882,1661,801,825,605,551,492,300,636,441,465,653,607,956,442,516,398,561,504,557,1059,1147,883,545,367,490,291,719,450,441,652,305,610,234,947,819,2158,1188,515,403,231,398,382,519,675,501,362,648,709,484,397,455,963,425,247,287,480,244
2021,12,29,-0.015558099,46444,47178,1507,2424,2422,4523,1188,1201,588,727,146,494,1297,424,365,71,542,613,517,199,696,218,175,211,257,285,115,172,165,416,177,156,98,108,173,166,106,54,146,71,121,50,103,120,273,167,99,129,139,205,518,139,77,106,516,195,69,90,104,31,93,160,108,312,178,70,62,92,160,105,69,384,70,113,47,147,104,122,50,192,73,140,175,86,136,83,89,116,100,105,234,48,84,144,99,68,54,85,352,86
2021,12,30,0.018831253,47178,46306,25165,15607,15562,12962,8097,5287,5080,4463,2290,3145,3795,2971,2960,1500,2499,1934,2140,2112,2366,1221,1442,1478,1315,1172,931,887,2525,1499,1575,986,1047,1275,1065,934,659,484,1208,891,2114,915,954,1085,1093,879,948,1055,963,712,1189,585,650,796,1506,890,1273,623,669,553,716,1373,826,1353,752,585,471,1154,505,772,644,666,695,565,507,1431,1186,744,1023,1573,666,624,439,522,1069,578,953,928,698,700,1434,420,527,768,572,462,460,406,759,512
2022,1,11,-0.027622927,42735,43949,13391,7837,7821,3523,3342,1286,2295,2221,1247,1413,678,749,1257,1026,464,424,641,967,690,474,1555,681,669,355,299,223,913,374,601,488,470,427,463,503,300,367,1010,365,740,757,409,399,196,405,488,266,165,293,231,206,284,375,642,262,278,488,369,262,840,285,500,397,179,268,482,328,177,287,931,689,269,122,308,540,641,420,513,431,297,167,122,313,155,227,346,211,496,191,102,245,242,351,197,231,129,144,106,151
2022,1,12,0.03188467,43949,42591,48249,26268,26209,12565,14022,4448,9286,9029,6028,5257,3193,3437,4366,4569,1973,2367,2592,3246,2718,1749,6898,2261,2722,1418,1583,1014,3462,1627,2026,1877,1852,1830,1517,1695,967,1215,4108,1490,3393,2808,1755,1451,915,1744,1823,902,1004,765,1415,712,1418,1410,2920,1225,1839,1825,1448,1443,3741,1201,1432,1562,799,1349,1786,983,697,1266,3617,2153,972,581,1089,1983,2415,1442,2107,1705,924,610,417,1470,752,910,1102,733,1896,600,393,904,1025,1148,723,816,777,598,659,714
2022,1,13,-0.011786817,42591,43099,43174,29034,28981,17740,15390,6903,8845,11611,5628,5536,4623,3947,4874,5064,3144,3636,4296,3272,3878,2684,5249,2255,3307,1819,2091,1238,2596,2479,1856,2724,1724,1698,1766,1740,983,1303,3626,1556,2856,1885,1666,1468,1169,1662,2069,1510,1070,937,2060,1066,1779,1593,2781,1195,2236,1636,993,1144,2796,1265,1212,1359,990,1274,1074,1395,589,1946,2774,1813,1333,916,1092,2614,1556,1629,1390,1650,949,952,487,938,730,1056,893,803,2813,621,471,884,986,1975,765,776,796,494,918,1137
2022,1,14,-0.0018065174,43099,43177,22659,21208,21152,18703,10783,7799,5425,6915,3384,3148,4591,3119,2808,3134,2490,4263,3746,2094,2150,2116,1931,1983,1915,1512,1261,1368,1313,3622,1312,1165,1172,1301,1713,1431,595,889,1662,1083,842,1773,1090,964,1080,827,1215,1057,897,806,2324,941,1851,1463,2737,1414,978,865,678,634,1041,1776,700,942,841,1106,362,753,1661,804,905,952,549,1332,561,1272,621,1026,749,864,990,1005,348,661,594,632,849,620,1018,459,307,625,2191,1099,505,639,589,396,768,1325
2022,1,19,0.026155358,41744,40680,1606,2752,2748,4251,1349,1113,894,826,217,487,380,454,524,88,518,568,235,426,310,364,223,281,226,251,193,290,189,260,168,260,85,170,203,134,107,62,104,93,131,64,123,120,183,215,135,86,212,139,184,191,57,148,247,189,107,90,89,44,166,155,96,144,107,124,101,117,114,89,119,228,59,150,65,190,114,116,25,130,74,220,58,155,104,98,103,77,137,65,27,90,115,125,90,79,82,83,117,114
2022,1,20,0.11583509,40680,36457,9597,15690,15622,25878,8326,6545,5077,4817,2178,2842,3194,2839,2330,809,2794,3066,1801,1620,1684,2279,1663,1616,1306,1374,1188,1673,1601,1761,1194,1340,821,1334,1196,901,604,512,718,640,1340,773,831,698,1068,642,893,611,1523,1151,1515,1160,485,830,1599,1126,723,680,845,535,852,973,848,1222,846,578,641,891,761,518,841,1105,707,1006,438,1107,690,585,539,810,413,1168,917,451,847,511,567,453,782,413,265,532,506,704,699,589,553,394,446,510
2022,1,21,0.04073651,36457,35030,16049,19633,19605,41482,12657,8977,5686,7543,2294,3508,3653,3180,3312,639,2975,3955,2343,1559,3489,2593,1892,3120,1946,1782,1272,1857,2244,2408,2155,1246,1131,1567,1819,1762,983,599,840,774,1803,681,1131,1006,1349,1100,1347,521,1793,1665,1790,1219,501,1044,2671,1327,1754,610,892,609,896,1844,1321,1922,1208,725,472,1887,1073,545,786,1073,949,1378,553,1198,712,607,4215,916,733,1342,594,837,1267,576,772,820,1319,1147,388,760,571,1424,1145,818,696,460,539,554
2022,1,22,-0.034347776,35030,36276,58136,41325,41254,42532,24891,13989,11065,12136,6648,7398,5720,5949,7180,3024,5007,4926,3339,3529,9181,3980,3950,6087,3974,3072,1939,2701,3774,2609,4331,3152,2778,3593,3659,3837,1840,1643,2947,2701,2255,2119,2546,1785,2172,2183,3141,2865,1802,1714,2291,1824,1924,2472,3247,3295,2102,1722,1357,1279,1854,2005,3035,2095,1875,1786,699,2807,1779,2022,1545,1959,1604,1534,1484,2567,1483,1493,4758,2173,2073,2118,1097,1690,1666,1279,2470,1927,2609,2624,645,1418,3269,2360,2066,1623,930,1009,1561,1333
2022,2,9,0.017743602,44338,43565,26937,15722,15707,10182,10477,4688,3847,6769,1928,2706,2581,2891,2113,1311,1322,2131,1855,2557,1553,2325,1406,1134,1236,979,1419,693,1991,1501,966,827,820,1027,956,876,484,828,1019,891,1925,1730,1005,526,560,806,777,567,377,650,1161,504,770,1002,2642,558,599,460,794,392,705,1585,1032,651,592,1074,1200,720,569,701,949,1772,659,437,595,859,1652,768,613,642,1229,553,352,763,235,486,1552,505,1043,441,117,439,1026,816,457,638,419,309,693,1062
2022,2,14,-0.044621423,42586,44575,4149,3565,3537,3245,1575,1086,777,1589,231,423,369,573,451,129,577,625,468,292,472,391,179,275,269,239,120,297,223,170,212,167,150,171,253,213,193,175,296,200,212,221,240,149,219,218,224,100,123,135,251,199,133,274,446,204,108,109,178,104,177,188,145,288,102,210,72,159,66,122,147,205,193,103,76,203,136,98,70,114,178,183,94,142,79,152,172,116,183,172,33,121,251,167,109,105,51,62,303,189
2022,2,15,0.013966925,44575,43961,3532,6183,6173,9786,2965,2686,1555,3247,708,852,1407,1162,713,205,1025,1618,1288,569,645,748,434,504,688,699,320,692,338,366,340,355,304,414,402,266,261,199,279,260,395,195,247,275,343,282,318,305,261,268,479,518,89,464,1494,700,377,215,385,232,342,550,246,621,220,280,191,418,123,218,248,576,176,411,257,410,375,267,289,234,152,431,189,242,204,200,218,205,330,104,30,166,180,318,207,155,161,159,602,224
2022,2,16,0.08443929,43961,40538,1440,2264,2260,3838,1299,923,543,1294,126,342,504,455,390,51,511,618,440,255,190,227,166,152,281,275,177,312,149,183,93,170,73,142,175,108,95,249,111,79,113,56,233,127,132,104,156,228,111,98,174,193,30,102,482,319,66,162,212,37,128,82,93,323,87,104,76,242,78,91,115,279,38,53,33,149,107,106,66,67,57,191,69,161,55,76,85,42,123,74,7,51,166,111,46,56,53,40,242,123
2022,2,17,0.012690482,40538,40030,8535,13024,12977,20908,7129,4942,3423,5808,1186,1900,2588,2102,1731,328,2027,2768,1952,1139,1641,1263,986,847,1192,1262,872,1324,942,919,735,1274,518,928,830,613,507,584,685,969,915,583,569,501,894,667,539,983,596,870,843,769,538,779,2134,693,390,1033,870,438,764,874,488,1210,880,793,613,561,316,483,674,1183,563,436,437,934,927,399,1084,459,322,833,331,447,618,366,525,290,692,353,73,313,539,461,441,309,221,319,1427,466
2022,2,18,-0.0022930063,40030,40122,11540,12266,12233,16804,6800,4657,3185,5277,1399,2172,2408,2310,1601,685,1943,2448,1568,1247,1543,1465,981,1066,1084,1272,882,1467,966,718,730,989,756,1080,914,945,535,664,659,620,607,494,769,559,901,557,705,590,740,815,908,974,451,792,2062,812,558,802,763,427,816,759,472,897,493,695,377,765,321,547,629,1008,453,429,345,886,607,500,642,366,446,784,256,633,530,478,559,332,526,429,67,371,655,676,382,304,296,344,742,514
2022,3,2,0.03469883,43924,42451,4879,5885,5867,7746,3380,2720,1515,2408,836,964,1156,842,710,393,1158,1020,708,539,661,749,369,572,595,600,596,627,344,346,531,433,254,530,670,331,212,334,332,337,298,233,376,319,367,250,351,277,226,310,328,286,170,399,676,275,242,201,371,252,343,303,448,311,145,285,99,244,135,473,291,276,173,196,138,445,247,298,82,152,249,322,152,174,127,280,205,237,358,182,30,121,285,370,135,136,93,163,267,153
2022,3,6,0.0093794335,38419,38062,3492,5608,5582,9024,2430,3074,1481,2420,1034,1084,1061,1056,811,610,1413,1363,1381,521,693,705,304,463,407,504,889,973,668,402,398,380,233,288,417,455,221,253,294,450,330,270,370,193,285,267,325,596,284,318,386,450,91,308,729,503,204,443,309,351,411,334,273,362,225,347,164,250,192,235,184,386,204,220,111,580,397,394,159,137,180,439,149,133,212,351,181,184,320,99,63,100,201,331,121,122,129,98,348,142
2022,3,7,-0.0174252,38062,38737,9791,16272,16213,26696,7639,8690,4604,8056,3439,3037,3235,3226,2156,1517,3966,3447,4397,1979,1732,2082,1098,1572,1063,1592,2720,2621,2385,1269,1113,1134,825,912,1085,1168,709,1008,841,820,715,660,1121,732,990,673,771,1169,796,1078,1176,1113,326,930,2210,1096,707,1733,1047,1038,1249,994,641,805,845,840,582,880,359,759,795,1014,589,605,359,2185,816,1033,340,567,672,1150,348,446,855,864,460,448,1117,352,254,484,570,619,516,372,453,265,679,694
2022,3,8,-0.07729503,38737,41982,3972,2939,2933,5095,1293,1385,812,1891,233,535,601,651,508,128,534,860,550,378,369,385,199,415,260,257,428,315,363,252,328,162,107,176,315,179,146,193,506,109,218,66,237,117,150,264,273,657,106,127,89,189,104,375,453,184,290,50,161,56,166,381,148,120,101,229,69,149,51,184,205,153,61,244,43,154,113,160,64,253,183,184,55,42,85,114,132,111,249,56,29,54,196,93,63,70,54,63,218,252
2022,3,9,0.06453331,41982,39437,7133,10337,10296,17966,4809,4782,2700,5358,1604,1889,1763,1879,1508,865,1813,2055,2764,1418,1186,1140,680,916,832,899,1817,1274,1603,630,820,1155,475,478,861,515,405,497,672,435,442,435,613,473,626,729,545,838,393,508,812,657,329,558,1441,544,504,1336,811,466,705,589,375,463,492,462,374,424,447,347,595,634,330,425,186,1651,403,444,149,422,262,725,209,348,410,417,263,369,562,256,48,350,383,406,176,262,235,214,371,486
2022,3,10,0.016574727,39437,38794,17181,20726,20684,31848,10665,10438,5673,8809,3826,4359,4249,4313,3000,2141,3743,3779,4959,3078,2220,2782,2084,1964,1536,2100,3211,2909,3150,1393,1764,2547,1162,1083,1540,1272,1481,1007,1266,1293,1136,1430,1209,884,1801,2190,950,1446,1332,1116,2074,1517,1260,1135,2093,1434,872,2493,1393,914,1379,803,879,1442,1217,1321,1478,823,1282,916,1049,1130,859,1997,498,2960,817,913,294,714,615,1330,470,624,1529,1036,893,631,813,498,122,949,753,778,602,647,508,392,573,905
2022,3,14,0.008337994,39666,39338,1610,2374,2367,4063,1288,1212,674,1069,141,530,502,592,431,108,663,568,435,243,203,398,203,144,201,282,243,397,278,267,179,180,81,126,158,176,115,85,133,88,98,92,108,123,142,120,160,116,121,141,253,209,61,115,218,136,103,196,211,72,224,107,94,155,137,69,79,110,67,120,134,197,55,86,18,286,241,109,74,67,58,202,72,83,137,200,95,66,125,58,7,47,61,67,56,71,79,64,64,58
2022,3,15,-0.043871377,39338,41143,19684,21816,21744,26566,9717,8656,5459,9522,3121,3456,6547,3934,3023,1846,3736,3879,3890,2682,2137,2607,1471,1890,1796,1659,2661,2463,2897,1674,1217,1582,1041,1017,1452,1376,829,963,1214,1034,1048,1214,1232,970,1162,910,1190,1223,1098,1252,1438,1244,588,1257,2325,1297,754,2037,1344,854,1594,823,729,1109,935,877,726,697,1056,940,972,1325,522,809,453,2520,966,1104,680,747,638,1306,544,491,798,1060,613,566,1430,517,146,618,766,706,697,528,619,338,590,593
2022,3,16,0.00468853,41143,40951,33716,29500,29448,25465,12574,9595,8524,11373,5368,4144,7687,4483,4534,2858,3577,5159,4604,3464,3160,2950,1883,2664,2101,1811,3306,2337,3590,1625,1939,2272,1577,1451,1844,1834,927,1410,1985,1422,1744,1696,1572,1235,1325,1430,1509,1766,951,1197,1490,1339,767,1496,3405,1394,1291,2641,2025,1453,1809,1500,1202,1455,1137,1188,917,1161,1149,1274,1328,1516,687,854,829,3058,1072,1277,795,1322,963,1189,586,692,1075,1074,820,958,1638,638,330,1101,1236,713,852,792,964,516,851,891
2022,3,17,-0.020334441,40951,41801,14770,17586,17538,18662,8411,7077,4565,7215,2910,2273,3780,2740,2344,1855,2376,2911,2322,2124,1586,1740,1073,1939,1308,1220,1999,1773,1330,1135,900,1605,743,1043,994,841,648,774,1552,703,1006,836,1093,720,898,802,773,1154,693,1273,1035,1010,527,865,1863,723,601,1074,1113,639,1345,800,642,661,586,659,459,650,372,610,863,1004,433,573,337,1143,558,789,497,890,426,812,434,484,431,760,436,398,931,343,278,511,785,360,446,383,437,335,381,809
2022,3,18,-0.009220194,41801,42190,15015,15360,15320,14652,6307,5626,3633,6166,1777,2058,2371,2593,1920,1814,1754,1873,1261,1548,1607,1565,1046,3076,1289,966,1563,1238,1138,1028,1028,943,892,657,1099,940,473,610,794,575,2067,803,853,669,725,736,841,1317,381,697,920,699,522,792,1221,684,694,686,600,487,816,1022,604,648,483,512,434,551,337,727,563,999,296,688,408,912,721,557,650,864,476,625,381,411,601,494,535,478,1542,344,74,378,577,316,418,402,315,244,298,489
2022,3,19,0.022862269,42190,41247,7042,11745,11723,18125,4870,6200,4128,5846,2240,2967,2670,2086,1313,1986,2213,3321,2315,1139,1325,1494,795,2220,942,1045,2430,1513,1970,769,921,912,910,632,943,632,368,577,471,435,1661,1794,418,375,686,715,636,918,508,529,821,694,259,646,991,881,551,435,543,652,916,690,348,583,389,436,1477,379,266,388,443,1745,306,606,343,652,1629,418,339,441,315,745,412,284,380,427,355,303,1496,293,81,349,339,461,548,291,268,220,444,518
2022,3,20,0.004138569,41247,41077,8674,12161,12128,20335,6209,5749,4095,4300,2428,3200,2754,2686,1679,1690,3004,2947,2135,1647,1602,1907,807,997,1006,1506,2344,2028,1353,1004,905,1227,771,726,1077,905,578,497,689,529,1479,1303,614,481,944,514,607,1232,603,880,1113,1018,319,1080,1217,855,474,673,625,592,1132,911,384,734,704,739,1215,469,383,579,556,1963,384,773,297,788,1393,437,465,608,396,1167,965,325,515,408,286,304,855,220,42,550,358,437,407,368,270,256,562,395
2022,3,21,-0.030242221,41077,42358,16257,20707,20632,27578,10920,10040,5381,7813,4007,5168,3605,3645,4150,2353,3929,4693,3318,2144,2663,2852,1497,1135,1645,1848,3387,2565,1671,1397,1071,3032,1126,1168,1384,1313,715,979,1087,860,1390,1364,1247,854,1439,777,1038,1447,1007,1202,2430,1457,500,1624,2919,1488,884,870,941,906,1701,1073,697,1343,864,1197,1017,803,555,2598,847,1490,897,601,501,1148,1157,804,654,557,589,1291,2368,457,694,829,886,516,1075,390,75,650,635,633,536,492,409,1277,1000,635
2022,3,22,-0.012449875,42358,42892,42,63,63,92,32,25,20,13,4,33,4,10,17,1,12,9,5,8,1,4,5,2,5,6,5,11,5,5,2,4,3,4,3,4,3,3,1,3,2,2,6,4,7,3,3,2,3,3,2,11,0,6,2,1,3,1,1,4,5,7,2,4,1,0,1,1,2,24,3,1,1,1,1,1,3,2,2,2,6,3,21,0,0,2,2,1,6,3,0,1,2,0,2,1,0,9,1,0
2022,3,23,-0.024294814,42892,43960,12890,19517,19485,28583,11463,9499,4663,6833,4041,5704,3201,4076,4234,1363,3816,4717,2435,1907,2417,2471,1112,1347,1386,1971,3373,2616,1474,1364,946,2770,983,1235,1398,1414,698,1052,1113,1019,1043,1106,1094,671,1069,823,842,2084,1021,890,2385,1491,420,1297,2325,1027,456,662,953,1008,1615,1088,601,732,634,633,784,580,327,3539,845,1094,429,829,426,1199,874,761,680,600,418,1288,3204,342,604,876,522,455,781,325,86,459,605,552,449,471,339,1756,457,504
2022,3,24,-0.008748985,43960,44348,42136,37065,37037,35717,16219,12857,11101,12337,6751,7798,5349,5799,6704,2565,5034,5211,3145,4941,3849,3701,2808,3502,2430,3198,3812,3508,2903,2123,2437,2813,2258,2147,2271,2266,1284,1674,2109,1655,3161,2041,1946,1532,2068,1918,2068,3098,1752,1377,1893,2197,1732,2030,3198,1991,1634,1266,1956,1882,1877,2204,1525,1454,1149,1567,1203,1329,766,4941,1608,2283,1012,897,870,2473,2131,1636,957,1275,1043,1754,3463,992,1378,1373,1456,1178,1840,811,361,971,1377,903,1148,1051,858,2260,852,1281
2022,4,13,0.030825092,41166,39935,9126,12909,12902,21148,6991,5719,4094,5003,2670,4511,2992,2325,2290,581,2309,2474,2003,1619,1369,1415,1279,959,942,1199,1502,1263,623,844,637,729,627,656,748,635,1866,496,518,552,443,528,433,814,549,644,572,1521,831,1056,834,939,227,674,1303,629,643,499,588,684,881,589,385,723,670,415,395,494,242,467,501,595,310,1121,217,832,465,347,523,308,252,633,1747,227,671,328,250,430,927,388,66,247,413,523,304,273,352,942,417,338
2022,4,14,-0.015239316,39935,40553,12949,20400,20379,31556,10038,10403,5895,6941,4985,7565,4588,3832,3734,1459,4592,4632,3462,2158,2493,2639,1792,1338,1228,2037,1715,2942,1340,1546,948,1097,1294,894,1089,906,3491,977,950,953,813,977,687,1335,1168,886,873,2063,1247,1066,1395,1618,503,1418,1881,1172,749,644,1107,1165,1694,771,579,1429,900,728,740,808,1361,805,832,1214,571,1300,492,1273,1040,589,439,542,790,1287,3367,451,837,718,533,676,1304,667,44,386,623,1115,410,541,464,1852,805,499
2022,4,15,0.0031911735,40553,40424,29964,28805,28758,30631,12588,10129,8289,8758,6819,7592,5179,4794,5486,1621,4326,4951,3471,2810,3509,2959,2564,3177,2162,2379,2268,2747,2738,2083,1530,1619,1965,1590,1756,1700,3863,1394,1685,1367,2433,1973,1331,1343,1311,1525,1567,2399,1271,1439,1473,1951,804,1844,2342,1365,943,1306,1391,1474,2046,1082,1021,1621,1403,1053,1040,1319,1694,1171,1371,1848,1105,1452,710,1755,2294,1091,716,1164,1236,1625,3410,708,1071,1051,1386,927,1821,668,147,711,1087,1196,758,685,586,2075,1054,844
2022,4,16,0.017826568,40424,39716,34728,31179,31151,29457,14020,10721,8574,10284,8426,7873,5771,6267,5854,2868,5397,4965,3570,2914,4203,2676,2794,2890,2371,2011,2506,2709,3918,1880,1680,1904,2392,1757,2250,1719,4055,2392,1690,1616,3549,2558,1343,1230,1466,1553,1597,2448,1475,1227,1901,1744,1687,1926,2656,1656,1161,1797,1382,1655,2580,1190,1183,1899,1386,1008,1256,1501,2012,1097,1084,2083,1132,1140,917,2060,3051,1117,733,889,1285,1586,3365,973,1131,1194,1704,863,2038,957,309,746,1062,1983,744,734,744,2212,1418,831
2022,4,17,-0.027188556,39716,40826,6342,6357,6335,5990,2334,2182,1643,2192,942,1096,1317,1210,1116,442,1137,1111,761,467,744,547,464,580,459,429,381,502,368,505,392,319,325,297,443,320,278,553,371,295,375,283,268,270,285,256,364,420,450,358,309,405,125,265,486,280,273,225,274,226,164,276,298,400,322,216,307,247,616,266,201,300,203,264,179,462,127,274,182,222,199,369,145,164,249,194,158,217,427,151,128,177,188,265,174,164,292,243,243,183
2022,4,18,-0.016288372,40826,41502,39386,40046,39996,35099,16290,12739,11536,13182,6802,6895,5757,6265,6083,2780,6430,6055,3729,3423,4565,3905,3348,3015,2819,3044,2791,3175,2696,2686,2864,3097,2224,2591,2289,2047,1566,3241,2023,1800,2023,2422,1799,1818,1641,2569,1940,2134,2562,1418,2533,2189,998,1866,2360,2177,1325,1465,2064,1966,1392,1879,1522,2478,1933,1322,1810,1565,2331,1420,1613,2464,1484,1225,970,2788,1397,1327,825,1166,1370,1722,761,1178,1523,1083,1038,1177,2418,1136,208,1262,963,2260,996,954,1031,1273,1897,1113
2022,4,19,0.0030937304,41502,41374,38966,42539,42491,36516,15263,14881,11471,17272,8473,6449,5893,5953,5622,2152,5921,5229,3199,3972,3640,3432,3085,3003,3287,2587,2571,3184,2599,2330,2601,2474,2314,2900,2596,2296,1485,4174,2428,1778,1886,2591,1837,1685,1631,2125,2184,3476,5506,1379,4443,2831,1007,2412,2871,1924,1458,1525,2020,1890,2103,2527,1365,1927,1626,1496,1682,1435,1828,1312,1730,2589,983,1385,887,2719,1469,1440,874,1418,1255,1769,720,1560,1139,1285,1449,1171,2447,782,180,1188,1111,1797,899,1033,824,1040,1153,1274
2022,4,20,0.020899648,41374,40527,11924,8749,8747,4883,3118,1703,2213,2039,1276,1884,924,1069,1434,266,1297,581,360,654,531,595,426,558,420,487,339,343,459,336,357,674,413,462,393,340,1054,1299,545,269,283,320,355,449,257,324,437,880,377,216,298,470,225,422,651,293,235,322,322,224,461,583,245,349,147,655,327,233,200,388,417,266,131,231,127,628,347,320,193,265,226,171,1172,188,163,203,156,246,365,227,53,168,293,172,233,124,135,552,389,312
2022,4,21,0.019803723,40527,39740,25095,23079,23059,18658,8410,6710,5663,6957,4001,5402,2793,3073,3600,804,3356,2208,1253,2645,1942,1978,1592,1480,1554,1388,1580,1835,1309,889,1196,1253,1022,1217,1292,1061,2260,1875,1131,906,964,1073,1060,1186,732,1189,1086,1336,1596,589,1807,1186,498,1180,1689,898,638,818,971,972,1047,1169,846,1094,928,868,876,817,759,763,940,1007,553,825,427,1411,816,949,388,667,1009,694,1838,577,776,733,704,735,1400,619,132,555,752,482,647,504,353,1352,625,616
2022,4,22,0.0064326595,39740,39486,27840,30286,30269,30093,12399,13473,9787,11612,5787,5378,4045,4102,3972,1169,3335,3810,5225,2651,2944,2420,2830,2180,2171,1870,4605,2451,1581,1102,1697,4032,1460,2250,1723,1321,2819,2499,1455,1496,1029,1642,1217,1384,805,1438,1263,1880,4151,1216,3243,1836,555,2528,2560,893,654,1498,1173,1170,1484,2009,1163,1429,1113,1244,823,1064,1062,924,1292,1099,834,922,571,2056,835,1020,1413,793,976,857,2359,852,832,878,1028,769,1384,639,130,760,1368,733,725,885,526,1648,1610,1357
2022,4,27,-0.013375908,39241,39773,1168,1697,1696,2509,738,670,327,491,180,292,220,350,212,27,288,237,165,247,175,236,142,167,109,184,91,225,74,111,76,98,52,70,82,64,79,43,99,55,66,75,56,164,53,37,68,181,86,98,72,138,60,127,163,66,46,30,125,75,143,88,49,114,62,54,109,67,82,60,93,115,31,110,21,151,93,37,28,74,43,101,14,41,43,33,30,55,67,55,7,39,41,41,29,30,29,53,46,27
2022,4,28,0.030148411,39773,38609,11450,21091,21073,29194,9321,8518,5311,5854,3330,4318,4023,3929,2433,382,3880,3871,2152,2325,2339,2392,1791,1670,1418,1847,1320,2634,1478,1682,930,1203,1424,1026,890,1390,964,760,1112,814,1184,1689,870,1510,693,907,971,1676,1109,1033,1054,1465,772,1351,1619,734,805,614,1516,884,1531,852,598,1499,916,820,1671,567,1604,581,933,1738,400,955,312,1748,1438,464,254,544,487,892,343,692,814,470,566,513,890,372,120,489,477,629,396,399,492,576,432,666
2022,4,29,0.023731241,38609,37714,9847,18646,18623,26133,8235,8067,4270,6552,2878,3392,3638,3455,1998,483,3054,3317,2406,1972,2151,2303,1770,1689,1184,1693,1316,2188,870,1626,1087,1219,1069,1013,899,1059,967,710,1116,594,1405,945,764,1249,782,753,909,1498,1069,1026,836,1567,628,1119,1640,643,605,834,1272,1041,1419,622,582,1207,1140,723,1126,672,916,628,759,1101,452,1010,364,1340,837,388,330,431,425,945,324,457,802,500,437,932,726,471,150,509,342,499,567,381,448,473,650,427
2022,4,30,-0.019626193,37714,38469,26542,28078,28367,26018,12238,8423,6784,8335,6573,4163,4224,4626,3216,1552,3585,3762,2997,2703,3561,2838,2610,2754,1975,1884,2206,2275,1393,1679,1701,1657,1747,1941,1781,1636,1291,2072,1883,1372,1216,1707,1272,1299,1090,1270,1655,2674,969,1188,1080,1576,673,1771,2399,984,721,1616,1186,1989,1661,1243,1201,1813,1340,1200,1151,1083,1119,1036,1049,1274,837,1295,813,1508,981,958,675,964,898,1116,570,788,820,962,799,972,1094,1005,188,866,961,651,977,640,533,585,702,665
2022,5,1,-0.0015572686,38469,38529,36011,32798,32970,28188,13854,9359,8289,9139,6544,4944,4817,5848,4468,1650,4065,3754,2874,3233,4554,3347,2679,3080,2454,2133,2597,3053,1777,1472,2265,1971,1903,2150,2325,2092,1498,2232,2007,1673,1540,1606,1561,1586,1344,1385,1916,2463,965,1509,1011,1649,632,2164,2376,1188,911,1776,1209,1844,1872,1673,1540,1890,1593,1518,999,1312,1650,1449,1129,1754,1267,1103,939,2079,1029,1051,624,1566,1510,1285,496,1189,819,1023,1051,1224,1564,1180,303,897,1329,1070,1194,767,606,819,1224,677
2022,5,2,0.020635761,38529,37750,30207,27567,27522,22607,12173,7780,7246,7374,4792,3561,4201,4153,3855,1333,3129,3434,2081,3145,2903,2742,2309,2547,1695,1728,1572,2470,1504,1389,1597,1739,1565,1592,1653,1453,1104,2157,1578,1756,1502,1341,1609,1581,1007,978,1317,1842,1097,1389,875,1217,729,1763,1350,935,785,1150,1551,1746,1511,1136,1102,1186,1073,1084,832,1052,1252,1007,1336,1099,878,808,553,1890,889,1061,814,1060,884,943,393,730,720,822,728,957,1178,754,263,783,1104,854,817,598,604,715,931,929
2022,5,10,0.07209013,31022,28936,10513,9339,9331,9156,4094,2680,2421,2479,812,1189,1514,1384,923,260,982,1035,1076,889,1464,819,709,1134,817,734,451,722,586,411,627,614,422,448,615,717,473,703,497,333,306,286,503,537,632,461,866,1120,250,326,411,466,262,579,765,473,389,348,430,225,373,620,500,339,435,449,224,432,309,339,429,368,232,274,201,503,261,232,241,417,447,311,167,275,247,299,236,317,350,371,119,259,360,170,285,388,160,194,580,298
2022,5,11,-0.003821393,28936,29047,20973,11243,11240,6219,5550,2170,3031,2145,682,2172,1834,1726,1720,213,1114,666,352,1403,2324,904,1215,1586,935,598,452,459,869,394,1125,1290,483,655,986,1045,972,640,530,362,449,338,772,547,397,631,712,436,250,282,235,384,297,700,570,643,599,313,732,178,492,624,695,557,494,470,162,518,342,465,605,181,435,674,284,587,403,294,235,623,619,234,261,436,343,382,339,487,233,762,197,540,297,246,501,343,169,150,404,352
2022,5,12,-0.008059284,29047,29283,50316,28008,27958,16882,14418,5308,8799,4854,2144,5109,4511,4182,4727,845,2544,1533,791,4098,4878,2197,3575,3917,2226,1564,1048,1345,1766,780,2376,2605,1324,1925,2152,2660,2607,1346,1312,981,1015,807,2074,1791,1238,1473,1809,1134,590,715,623,904,611,1713,1357,1419,1363,861,2134,535,1453,1258,1669,1583,986,1090,508,1128,805,1260,1660,521,907,1951,694,2194,998,773,467,1451,1663,534,604,1064,624,869,945,1081,843,1986,348,1013,879,638,955,843,419,521,588,524
2022,5,13,-0.027175177,29283,30101,40903,28511,28446,21178,14671,6681,8566,6052,3770,4232,5403,4580,3949,1353,3062,2135,1447,4480,3249,2350,3150,3274,2369,1813,1454,2108,2128,929,1999,2337,1747,1926,2266,2068,2196,1365,1356,1158,1053,1105,2374,1842,1275,1395,2011,1671,843,835,774,1096,691,1696,1768,1585,1306,1024,2132,1006,1586,1150,1495,1387,1120,899,795,1123,860,1148,1690,840,802,1191,827,1621,1098,1023,558,1131,1433,868,593,936,770,993,879,1028,1375,1053,254,975,920,594,944,758,537,602,576,624
2022,5,22,0.042099115,30323,29098,22879,14449,14428,8483,5322,2483,3793,2852,872,2191,1843,2307,1764,589,1473,1043,497,1605,1110,1449,1196,1306,1018,884,492,797,966,296,769,799,706,967,869,910,910,774,833,469,737,518,861,1061,1398,2664,739,312,294,387,268,469,304,652,599,459,1513,428,652,306,541,666,512,709,475,565,541,480,295,669,835,359,270,435,301,843,602,547,557,918,607,336,236,397,347,618,327,470,830,275,115,1003,606,322,316,433,322,355,161,286
2022,5,23,-0.018782668,29098,29655,5235,3528,3519,2118,1384,632,1184,901,92,774,390,579,437,56,386,236,114,382,352,338,304,288,265,244,139,222,516,95,218,260,173,342,209,281,238,268,162,76,509,310,292,173,146,198,193,105,93,85,94,134,57,168,216,129,111,106,191,36,214,209,146,167,138,103,282,113,52,146,221,284,77,169,41,156,424,87,80,134,203,103,63,89,97,115,76,132,230,151,29,120,149,71,125,55,63,70,37,124
2022,5,24,0.0031459306,29655,29562,16864,13235,13203,11202,5881,2917,3885,3423,915,2030,1857,2225,1948,493,1428,1507,1086,1425,1325,1104,1110,1448,1102,971,883,1161,1110,453,1107,796,558,907,796,939,871,840,715,506,671,587,802,907,569,555,806,900,449,512,353,733,428,686,1195,568,450,453,708,246,595,696,601,604,492,560,659,574,307,598,796,713,374,345,266,725,470,370,331,538,754,532,209,326,428,457,474,437,665,252,118,471,605,396,375,380,266,295,186,310
2022,5,25,0.010079612,29562,29267,8797,10768,10829,12523,4400,3201,3159,3043,553,1879,1658,2128,1330,262,1699,1450,729,1387,835,1174,848,1348,804,994,819,1354,1178,529,553,627,370,528,537,553,613,899,533,286,614,432,542,761,441,698,458,521,439,723,471,661,186,452,690,412,296,281,536,179,499,851,366,882,473,375,632,325,763,405,528,722,210,281,168,649,406,299,537,284,370,491,236,262,319,302,265,480,774,200,91,301,279,272,229,267,270,456,204,306
2022,5,26,0.022356516,29267,28627,10457,15930,15878,22509,7480,6012,4400,4713,897,3630,3216,3520,2138,498,3080,2162,1273,1637,1548,2059,1569,1565,1011,2173,1154,2686,1047,1100,992,1282,587,932,810,981,1256,898,762,440,1057,523,767,709,702,869,726,714,703,868,1110,1306,225,683,1288,724,533,380,947,322,760,1029,701,1199,988,516,899,558,1448,581,750,827,509,532,414,850,464,475,235,473,606,973,290,460,756,386,329,1054,969,553,178,524,381,450,348,394,445,1100,424,700
2022,5,27,-0.006489901,28627,28814,11912,9712,9678,7392,4037,2152,2578,2205,761,1450,1241,1622,1433,525,1325,935,509,1137,1077,981,757,1329,785,788,462,864,644,437,606,628,457,495,617,642,633,679,559,380,329,273,599,707,325,475,565,276,275,425,178,546,244,448,590,417,267,285,379,161,349,333,443,427,358,314,326,350,398,454,627,300,334,193,280,502,235,290,203,333,399,362,162,322,309,399,257,287,521,204,77,309,281,226,213,249,199,208,120,232
2022,5,28,-0.021429785,28814,29445,4249,3512,3509,2647,1463,996,1097,874,145,621,611,778,593,80,780,348,167,363,437,376,279,331,317,284,168,421,254,101,193,253,109,304,254,203,340,265,150,101,111,67,264,171,201,164,274,201,108,169,79,225,56,176,276,229,120,106,231,31,140,176,138,191,113,103,167,108,156,151,194,148,64,108,44,178,97,114,73,106,250,165,149,136,95,93,70,144,106,67,32,88,101,110,166,118,73,89,54,67
2022,5,29,-0.071896866,29445,31726,15423,11849,11826,9551,4945,2767,3299,2435,893,1966,2069,2428,1720,506,2233,1004,677,1275,1149,1153,1008,1270,909,811,510,1157,811,341,741,904,485,880,781,754,1073,847,712,409,639,601,712,721,491,523,844,371,364,383,268,669,207,557,769,686,454,406,688,203,522,448,465,717,574,393,826,436,391,579,567,525,302,388,292,679,393,456,265,475,511,586,291,466,390,412,293,423,622,273,80,321,362,322,263,306,280,301,82,249
2022,5,30,-0.002075994,31726,31792,8006,13299,13278,21820,7586,5855,4486,3130,925,2659,3975,3827,1941,471,2260,2435,1196,1610,1547,1959,1689,1099,1236,1619,976,2756,1650,699,965,1193,529,1004,1132,786,1316,615,757,400,604,862,511,882,762,734,561,805,689,822,601,1370,226,592,864,672,503,311,1227,395,689,484,668,1423,945,716,1031,515,707,498,411,979,332,445,223,666,501,302,241,248,426,864,579,579,1014,350,318,416,498,434,54,483,318,336,288,415,281,525,789,259
2022,5,31,0.06688144,31792,29799,8788,14441,14416,22904,7071,5875,4073,3120,1748,3565,3468,3498,1752,415,3229,2258,1842,1520,1926,2276,1954,1119,1070,1815,1375,2614,1873,625,934,1074,570,828,1188,1106,1258,700,577,485,501,1200,496,1138,689,1113,638,1599,880,1183,465,1270,230,625,1109,668,713,365,1003,752,718,595,735,1114,886,761,946,621,617,555,488,870,359,412,250,1200,519,265,189,331,418,724,367,491,733,344,313,561,580,1115,123,605,407,350,360,370,360,690,1022,330
2022,6,1,-0.021925362,29799,30467,13645,16104,16089,22608,7473,5149,4963,3606,2063,2842,3589,3465,2075,386,3084,2393,1386,1717,1691,1489,1714,1510,1287,1397,981,1095,1908,680,975,1386,739,1119,1556,983,1449,1122,847,678,637,800,707,1268,786,805,956,1836,816,826,436,799,278,833,1204,704,478,605,1015,703,776,711,720,1196,1261,1049,795,622,709,756,599,619,541,391,384,891,653,476,277,505,611,406,504,552,900,597,387,765,502,428,82,699,533,723,529,372,375,796,698,451
2022,6,2,0.025686776,30467,29704,10568,8269,8245,5666,3337,1681,2148,1919,479,1408,1072,1359,1231,304,1417,760,442,907,804,729,785,878,624,453,472,413,582,233,453,617,268,636,433,566,591,529,488,281,321,279,459,598,333,350,512,354,292,322,158,316,145,348,492,342,248,311,605,119,340,262,319,434,290,378,223,259,215,384,401,167,151,333,137,413,197,449,131,269,307,133,149,261,241,305,232,248,332,311,45,211,229,304,201,206,169,176,132,167
2022,6,3,-0.0042906944,29704,29832,23434,21918,21915,21111,9529,5895,5633,6037,2869,3701,2886,3442,2820,795,3854,2213,1301,2406,1881,1897,1894,2098,1811,1703,1236,1587,1635,761,1440,1401,1022,1539,1439,1212,1495,1127,1763,934,2200,1218,964,1023,975,911,1276,1253,1076,839,601,876,427,979,1648,1128,642,772,1386,692,945,856,1034,1034,1321,849,977,858,553,829,905,696,750,599,456,1014,1212,1410,387,780,743,456,319,683,783,774,659,770,837,497,119,584,619,821,678,625,469,614,266,651
2022,6,4,-0.0024744198,29832,29906,4635,4769,4755,4931,2659,1631,1146,1186,479,1043,619,892,698,96,1283,538,261,503,764,483,763,384,382,318,613,406,262,218,251,305,193,295,282,301,396,238,249,165,207,172,226,181,209,220,335,262,196,201,225,280,112,241,264,224,129,584,297,128,258,282,196,270,210,142,235,163,138,163,198,118,78,105,66,322,153,188,45,176,190,118,95,137,137,159,124,160,255,460,24,125,150,195,113,109,134,155,103,197
2022,6,14,-0.016214779,22206,22572,9506,10148,10131,18355,5677,4048,2151,2290,1353,3484,1500,2393,1858,277,2843,1210,639,1238,1517,1158,1043,1486,1005,1634,750,900,1077,267,902,711,734,1122,729,908,1956,385,504,413,697,445,633,856,481,567,616,473,465,447,208,562,159,821,639,920,443,452,664,305,411,531,604,438,813,303,856,444,304,506,465,247,528,336,202,1043,506,227,208,413,546,255,336,446,518,411,329,434,259,414,69,336,391,244,361,394,594,796,119,355
2022,6,15,0.10750209,22572,20381,44362,33644,33579,38125,17164,10497,7025,6987,3473,8943,3564,7428,5516,1059,7827,3124,1459,3842,4821,3226,3262,4809,2956,3951,1826,2755,2402,983,3336,2088,1764,2641,2552,3411,4582,1297,1749,1484,1266,1251,2244,2067,1595,1893,2042,1763,1217,1252,569,1820,797,1822,1756,1585,1863,1078,1879,881,1124,1782,2075,1618,2127,1217,1753,1514,953,1463,1595,813,1540,1025,817,2660,877,801,588,1582,1876,818,1950,1513,1528,1177,1241,1575,968,1803,266,1637,1237,1152,1216,1217,1410,1594,297,1117
2022,6,17,0.0764579,20471,19017,7599,12209,12185,22394,7069,5057,2831,2733,1708,5355,1580,3001,2042,252,3963,1402,703,1217,1103,1711,1106,1182,888,2145,875,1647,913,733,721,759,593,1210,727,705,2622,366,442,498,727,433,731,822,929,606,709,847,552,600,494,635,239,530,1166,458,422,288,803,454,591,680,558,592,987,353,1295,468,316,544,559,202,800,356,220,1315,413,484,225,292,414,307,918,488,805,492,330,357,327,435,46,338,268,289,305,320,994,1080,135,533
2022,6,18,-0.074733615,19017,20553,12269,17988,17960,39181,9410,8081,4566,2632,1990,7041,2438,4254,3393,210,4274,1742,587,1515,2780,1776,1684,2294,1512,2567,1041,1540,1453,765,2145,1193,970,1481,1417,1978,3713,434,802,682,1113,616,1082,989,1123,994,966,579,768,892,729,874,238,897,572,738,1266,524,988,516,693,1220,1215,899,1654,545,1713,896,527,801,496,271,1536,325,415,1518,739,379,218,811,908,418,1007,1433,1378,628,923,851,460,879,131,595,446,342,686,694,971,1430,137,821
2022,6,19,-0.002233118,20553,20599,7364,8049,8038,15651,4677,3389,2289,1385,728,3777,1255,2256,1450,184,2359,856,246,666,1094,1246,686,1141,765,1681,575,893,611,371,832,501,482,617,660,802,2021,229,390,327,349,341,533,545,666,670,450,331,310,357,174,504,255,498,306,363,524,237,389,195,378,383,591,368,878,249,889,397,450,531,235,187,645,179,197,898,352,254,126,342,489,181,346,469,766,318,290,380,267,392,64,300,311,183,278,288,576,802,73,206
2022,6,23,-0.006876737,21085,21231,20490,19239,19224,21583,10149,6724,4189,3971,2022,5861,2834,4135,2948,814,3953,1964,1181,1974,2020,2118,1996,1817,1293,2827,1446,1819,1691,1041,1350,1045,883,1041,1175,1295,2828,874,1041,784,1737,796,1171,1015,807,920,1080,815,795,898,698,1410,410,934,900,780,675,619,1287,480,784,944,833,1059,1395,650,1620,701,421,693,953,479,992,551,398,1682,983,769,309,725,738,370,1296,784,970,585,629,552,622,503,85,734,793,596,567,548,1227,1321,508,701
2022,6,24,-0.0126034785,21231,21502,2505,3746,3739,6450,2286,2025,613,1030,313,1558,1357,956,628,71,1157,624,200,383,239,488,362,535,268,840,318,709,304,313,229,149,124,222,192,434,794,123,123,96,161,113,178,341,267,138,161,302,241,293,227,359,60,192,331,225,113,119,225,169,228,111,149,225,349,182,493,139,83,141,145,79,211,99,63,511,154,93,45,61,99,72,144,88,300,110,103,132,158,88,6,101,34,132,80,90,378,406,130,63
2022,6,25,0.022590004,21502,21027,17421,17167,17130,19083,8774,6315,3214,3462,1986,5971,2472,4127,2553,765,5098,2153,1211,1485,1697,2034,1468,1639,1337,2659,1262,1800,1517,861,1102,635,863,1038,1004,1175,2986,677,693,642,984,675,1067,791,757,726,950,850,802,968,548,1006,329,856,835,741,784,590,710,502,747,642,819,1084,1264,624,1646,624,389,650,596,410,868,564,373,1678,817,737,282,510,715,349,547,679,922,569,511,481,619,360,91,423,435,514,427,397,1218,1400,598,383
2022,6,26,0.014082469,21027,20735,25233,20978,20960,20106,9977,6300,4534,4158,3111,6442,2634,5263,3255,1246,5639,2139,1225,1894,2269,2339,1553,2197,1484,2811,1280,1777,1549,1039,1473,871,1245,1203,1283,1443,3347,1028,798,950,1071,823,1143,1091,987,916,1281,771,889,1109,530,1048,422,1196,870,932,1037,706,824,785,880,796,1068,1685,1383,682,1683,752,402,848,782,482,999,665,540,2078,873,876,377,765,881,518,573,933,1078,651,582,648,856,549,122,705,653,567,517,577,1298,1527,361,510
2022,6,28,0.008754477,20280,20104,3781,6126,6121,10801,3583,5176,1450,2479,625,2409,950,1508,1223,122,2615,784,346,1965,459,932,605,471,512,1216,541,778,397,293,374,455,309,357,312,412,1335,215,233,227,295,184,372,500,385,284,364,245,369,399,209,397,106,341,387,294,110,163,479,196,291,270,271,337,574,184,711,216,239,212,331,111,380,139,139,605,228,190,94,158,204,92,509,238,443,220,158,154,243,147,32,154,193,1263,175,162,487,631,143,151
2022,6,29,0.016174687,20104,19784,23999,21270,21239,31114,11229,20073,4691,10018,1656,6983,3198,4764,3844,782,10632,2517,818,8845,2216,2312,2132,2652,1647,3110,1293,1923,1744,1052,1865,1501,1410,1664,1481,1896,3566,984,973,769,1629,828,1383,1315,1268,937,1585,945,864,1072,679,1143,352,1693,871,894,737,586,1629,472,846,1292,983,1169,1689,1072,1668,800,385,821,1083,404,1145,507,479,1912,993,789,353,726,1008,388,1860,819,1151,865,755,746,735,614,77,713,1098,6571,882,679,1290,1527,368,810
2022,7,2,-0.002850184,19242,19297,6363,5169,5165,4938,2569,1796,1160,1092,251,1659,691,1486,877,120,1579,547,321,581,650,639,548,636,425,736,317,418,305,144,330,309,230,403,367,351,991,301,214,190,233,140,271,373,376,206,320,138,193,220,118,212,126,293,214,236,301,146,314,55,211,185,205,355,221,142,477,196,112,271,208,101,220,309,87,393,162,258,125,215,224,152,141,223,178,155,118,175,197,186,46,121,218,241,162,114,128,407,158,84
2022,7,3,-0.046166774,19297,20231,15194,9462,9449,5874,4671,2270,2220,1625,817,2680,1092,2638,1695,457,2105,710,414,1215,1043,944,819,1067,678,1281,626,468,663,177,557,529,508,707,621,697,1805,695,458,312,391,248,652,570,440,375,544,225,199,288,143,362,194,506,341,332,375,273,663,230,422,405,402,670,335,382,839,384,123,462,497,154,559,358,201,900,340,478,173,298,423,187,276,503,251,299,295,345,266,322,69,217,268,202,255,198,237,780,112,204
2022,7,11,0.033483412,19970,19323,3099,4951,4935,8256,3131,3008,1602,1530,169,1869,762,1303,1023,58,1486,795,304,676,398,732,549,390,511,934,353,614,278,359,315,550,151,241,255,270,1108,246,270,223,191,69,259,815,386,272,205,187,394,381,318,345,95,202,654,218,156,124,736,54,230,162,202,490,264,130,615,135,125,200,280,197,305,224,46,425,164,90,40,127,136,93,384,208,219,139,129,103,192,116,10,135,87,359,160,109,154,599,74,90
2022,7,12,-0.043983772,19323,20212,8815,12455,12422,21768,9083,7255,3813,3380,529,5666,2014,3334,2414,244,4334,1936,733,1825,1523,1795,1812,1330,1166,2555,1237,1790,839,754,702,769,430,945,669,746,3102,591,630,322,616,271,613,1533,988,735,510,527,977,855,451,1028,163,656,995,657,652,239,1279,204,662,549,455,1126,732,382,1888,401,285,742,689,295,904,331,160,1052,474,297,146,292,446,267,663,488,553,281,316,322,412,499,38,381,386,877,381,325,327,1387,256,262
2022,7,13,-0.016112544,20212,20543,24874,21166,21122,24384,11828,9453,5590,5226,821,6714,3127,6010,3616,394,5195,2581,959,3340,2346,2550,2929,2441,1881,3038,1460,2199,1882,1062,1340,1314,885,1402,1337,1543,3835,1017,1249,998,1883,459,1448,2265,1547,1072,1009,983,835,999,614,1312,313,1323,1782,867,754,562,1794,215,807,1464,1096,1469,1260,1190,2076,764,453,1164,1373,769,1055,608,361,1703,946,710,344,927,986,568,825,899,1022,613,609,675,798,687,105,844,993,1228,590,573,654,1691,220,920
